Meds   ,,,,,,,,,,,,,,
Actamid   ,,,,,,,,,,,,,,
Dexamethasone   ,,,,,,,,,,,,,,
Acetariv   ,,,,,,,,,,,,,,
Ibuprofen   ,,,,,,,,,,,,,,
Cefolac Cv  ,,,,,,,,,,,,,,
Cefaxil   ,,,,,,,,,,,,,,
Cefulix   ,,,,,,,,,,,,,,
Cefulac   ,,,,,,,,,,,,,,
Cefobid   ,,,,,,,,,,,,,,
Cepodem   ,,,,,,,,,,,,,,
Rifagut   ,,,,,,,,,,,,,,
Gifaxin   ,,,,,,,,,,,,,,
Rifaximax   ,,,,,,,,,,,,,,
Rifaxigress   ,,,,,,,,,,,,,,
Rixmin   ,,,,,,,,,,,,,,
Sibofix   ,,,,,,,,,,,,,,
Levoflox Of  ,,,,,,,,,,,,,,
L Cin Cin  ,,,,,,,,,,,,,,
Lee Shreya   ,,,,,,,,,,,,,,
Levokem   ,,,,,,,,,,,,,,
Lebact   ,,,,,,,,,,,,,,
Candid V6  ,,,,,,,,,,,,,,
Cando V  ,,,,,,,,,,,,,,
Clotrimol Vag  ,,,,,,,,,,,,,,
Triben Vg 6 ,,,,,,,,,,,,,,
Mazoderm V6  ,,,,,,,,,,,,,,
Spectraxime   ,,,,,,,,,,,,,,
Keroxine   ,,,,,,,,,,,,,,
Barocef   ,,,,,,,,,,,,,,
Cefzim   ,,,,,,,,,,,,,,
Cefos   ,,,,,,,,,,,,,,
Ascuroxim   ,,,,,,,,,,,,,,
Cefakind Of  ,,,,,,,,,,,,,,
X Til Til  ,,,,,,,,,,,,,,
Cefyrex   ,,,,,,,,,,,,,,
Furoxi   ,,,,,,,,,,,,,,
Clarigard   ,,,,,,,,,,,,,,
Clarinova   ,,,,,,,,,,,,,,
Maclar   ,,,,,,,,,,,,,,
Claribid   ,,,,,,,,,,,,,,
Clarbact   ,,,,,,,,,,,,,,
Keptil Dt  ,,,,,,,,,,,,,,
Podxetil   ,,,,,,,,,,,,,,
Cepodem   ,,,,,,,,,,,,,,
Proxil Kid  ,,,,,,,,,,,,,,
Cefpoglen Dt  ,,,,,,,,,,,,,,
Elucin   ,,,,,,,,,,,,,,
Eryn   ,,,,,,,,,,,,,,
Erypal   ,,,,,,,,,,,,,,
Calthrox   ,,,,,,,,,,,,,,
Stanmycin   ,,,,,,,,,,,,,,
Cefxtrue Cv  ,,,,,,,,,,,,,,
Fixican Cv  ,,,,,,,,,,,,,,
Codimol Cv  ,,,,,,,,,,,,,,
Indcef O  ,,,,,,,,,,,,,,
Afixim Clav  ,,,,,,,,,,,,,,
Moxiflox   ,,,,,,,,,,,,,,
Moxam   ,,,,,,,,,,,,,,
Moxif   ,,,,,,,,,,,,,,
Mahaflox   ,,,,,,,,,,,,,,
Moxicip   ,,,,,,,,,,,,,,
Truefuroxx   ,,,,,,,,,,,,,,
Augxetil   ,,,,,,,,,,,,,,
Cefakind Cv  ,,,,,,,,,,,,,,
Cefuroxime Axetil  ,,,,,,,,,,,,,,
Axetim   ,,,,,,,,,,,,,,
Amoxicla   ,,,,,,,,,,,,,,
Advent   ,,,,,,,,,,,,,,
Mox Cv Ds  ,,,,,,,,,,,,,,
Mox Cv Bd  ,,,,,,,,,,,,,,
Advent   ,,,,,,,,,,,,,,
Mox Bd  ,,,,,,,,,,,,,,
Amoxyclav   ,,,,,,,,,,,,,,
Augmed   ,,,,,,,,,,,,,,
Aidcillin Cv  ,,,,,,,,,,,,,,
Flemiclav   ,,,,,,,,,,,,,,
Clinviva   ,,,,,,,,,,,,,,
Clinzucia   ,,,,,,,,,,,,,,
Dalacin C Ampoule Of  ,,,,,,,,,,,,,,
Clindol   ,,,,,,,,,,,,,,
Clindum   ,,,,,,,,,,,,,,
Lizomac IV of  ,,,,,,,,,,,,,,
Calinolid   ,,,,,,,,,,,,,,
Lizofit of  ,,,,,,,,,,,,,,
Linowin   ,,,,,,,,,,,,,,
Linox   ,,,,,,,,,,,,,,
Oflox   ,,,,,,,,,,,,,,
Ofron IV  ,,,,,,,,,,,,,,
Siflox   ,,,,,,,,,,,,,,
Zenflox   ,,,,,,,,,,,,,,
C-Flox   ,,,,,,,,,,,,,,
Lupinem   ,,,,,,,,,,,,,,
Imilan   ,,,,,,,,,,,,,,
Cilamac   ,,,,,,,,,,,,,,
Imituf   ,,,,,,,,,,,,,,
Zilamac   ,,,,,,,,,,,,,,
Clincin   ,,,,,,,,,,,,,,
Dalacin C  ,,,,,,,,,,,,,,
Clinviva   ,,,,,,,,,,,,,,
Gatomycin   ,,,,,,,,,,,,,,
Clinscar   ,,,,,,,,,,,,,,
Claribid   ,,,,,,,,,,,,,,
Clarigard   ,,,,,,,,,,,,,,
Clarinova   ,,,,,,,,,,,,,,
Clarbact   ,,,,,,,,,,,,,,
Clarisol   ,,,,,,,,,,,,,,
Dtd Plus  ,,,,,,,,,,,,,,
Indcef O  ,,,,,,,,,,,,,,
Itax Of  ,,,,,,,,,,,,,,
L Cefi O  ,,,,,,,,,,,,,,
Fixime O  ,,,,,,,,,,,,,,
Lizolid   ,,,,,,,,,,,,,,
Linid   ,,,,,,,,,,,,,,
Linox   ,,,,,,,,,,,,,,
Linokem   ,,,,,,,,,,,,,,
Penotixzol   ,,,,,,,,,,,,,,
Podxetil   ,,,,,,,,,,,,,,
Cefpopen   ,,,,,,,,,,,,,,
Cefpotus Clav  ,,,,,,,,,,,,,,
Manoxytil   ,,,,,,,,,,,,,,
Pod Piper  ,,,,,,,,,,,,,,
Metrozee Of  ,,,,,,,,,,,,,,
Wometro   ,,,,,,,,,,,,,,
Aldezole   ,,,,,,,,,,,,,,
Metris   ,,,,,,,,,,,,,,
Glucogyl   ,,,,,,,,,,,,,,
Cipron   ,,,,,,,,,,,,,,
Ciproquin   ,,,,,,,,,,,,,,
Ciprodac   ,,,,,,,,,,,,,,
Ciprobid   ,,,,,,,,,,,,,,
Cipronate   ,,,,,,,,,,,,,,
Metrogyl   ,,,,,,,,,,,,,,
Flagyl   ,,,,,,,,,,,,,,
Metrogyl   ,,,,,,,,,,,,,,
Acrogyl   ,,,,,,,,,,,,,,
Metrogyl O  ,,,,,,,,,,,,,,
Metrogyl   ,,,,,,,,,,,,,,
Flagyl   ,,,,,,,,,,,,,,
Metron   ,,,,,,,,,,,,,,
Metni   ,,,,,,,,,,,,,,
Metrogyl   ,,,,,,,,,,,,,,
Of   ,,,,,,,,,,,,,,
J P Flox Oz  ,,,,,,,,,,,,,,
Ole Oz  ,,,,,,,,,,,,,,
Oxa Oz  ,,,,,,,,,,,,,,
Ornizole O  ,,,,,,,,,,,,,,
Norflox   ,,,,,,,,,,,,,,
Norflokem   ,,,,,,,,,,,,,,
Norpic   ,,,,,,,,,,,,,,
Loxone   ,,,,,,,,,,,,,,
Utflox   ,,,,,,,,,,,,,,
Ofloren   ,,,,,,,,,,,,,,
Oxal   ,,,,,,,,,,,,,,
Of   ,,,,,,,,,,,,,,
Jb Flox  ,,,,,,,,,,,,,,
Ofl   ,,,,,,,,,,,,,,
Of   ,,,,,,,,,,,,,,
Oflox   ,,,,,,,,,,,,,,
Oflocare   ,,,,,,,,,,,,,,
Oflocad   ,,,,,,,,,,,,,,
Oflowin   ,,,,,,,,,,,,,,
Oflox   ,,,,,,,,,,,,,,
Oflomac   ,,,,,,,,,,,,,,
Of   ,,,,,,,,,,,,,,
Oflodex   ,,,,,,,,,,,,,,
Ofloren   ,,,,,,,,,,,,,,
Auxitaz   ,,,,,,,,,,,,,,
Tazomac   ,,,,,,,,,,,,,,
Tazact   ,,,,,,,,,,,,,,
P&T Trio  ,,,,,,,,,,,,,,
Tazocept   ,,,,,,,,,,,,,,
Roxygo   ,,,,,,,,,,,,,,
Roxinta   ,,,,,,,,,,,,,,
Solorox   ,,,,,,,,,,,,,,
Roxymycin   ,,,,,,,,,,,,,,
Agrox   ,,,,,,,,,,,,,,
Pd Rox  ,,,,,,,,,,,,,,
G Rox  ,,,,,,,,,,,,,,
Roxycian   ,,,,,,,,,,,,,,
Roxim   ,,,,,,,,,,,,,,
Roxetomin Kid  ,,,,,,,,,,,,,,
Roxitem   ,,,,,,,,,,,,,,
Roxeptin   ,,,,,,,,,,,,,,
Rekthro   ,,,,,,,,,,,,,,
Roxn   ,,,,,,,,,,,,,,
Roxyrol   ,,,,,,,,,,,,,,
Tiniba   ,,,,,,,,,,,,,,
Khp   ,,,,,,,,,,,,,,
Cipromac-Tz   ,,,,,,,,,,,,,,
Cipti   ,,,,,,,,,,,,,,
Tinicline   ,,,,,,,,,,,,,,
Tiniba   ,,,,,,,,,,,,,,
Todaz   ,,,,,,,,,,,,,,
Tini Cf  ,,,,,,,,,,,,,,
Cipromac T  ,,,,,,,,,,,,,,
Ctini   ,,,,,,,,,,,,,,
Cp Van  ,,,,,,,,,,,,,,
Vanco Cp  ,,,,,,,,,,,,,,
Covancin   ,,,,,,,,,,,,,,
Vanconex Cp  ,,,,,,,,,,,,,,
Vancomax   ,,,,,,,,,,,,,,
Amikamin   ,,,,,,,,,,,,,,
Amk   ,,,,,,,,,,,,,,
Amikatil   ,,,,,,,,,,,,,,
Amiject   ,,,,,,,,,,,,,,
Amikamac Of  ,,,,,,,,,,,,,,
Amiject   ,,,,,,,,,,,,,,
Amikamed   ,,,,,,,,,,,,,,
Biomika   ,,,,,,,,,,,,,,
Amicin Of  ,,,,,,,,,,,,,,
Mkcin   ,,,,,,,,,,,,,,
Mikacin Of  ,,,,,,,,,,,,,,
Amicin Of  ,,,,,,,,,,,,,,
Amiject Of  ,,,,,,,,,,,,,,
Amikanit   ,,,,,,,,,,,,,,
Amikamed   ,,,,,,,,,,,,,,
L   ,,,,,,,,,,,,,,
Oriprim   ,,,,,,,,,,,,,,
Tabrol   ,,,,,,,,,,,,,,
Methoxaprim   ,,,,,,,,,,,,,,
Mountrim   ,,,,,,,,,,,,,,
Co Trimoxazole Ds  ,,,,,,,,,,,,,,
Septran Ds  ,,,,,,,,,,,,,,
Mountrim Ds  ,,,,,,,,,,,,,,
Bactrim Ds  ,,,,,,,,,,,,,,
Larprim   ,,,,,,,,,,,,,,
Co Trimoxazole Ds  ,,,,,,,,,,,,,,
Cotrimoxazole Ss  ,,,,,,,,,,,,,,
Cosulf Ss  ,,,,,,,,,,,,,,
Comax Ds  ,,,,,,,,,,,,,,
Cosulf P  ,,,,,,,,,,,,,,
Doxt SL  ,,,,,,,,,,,,,,
Minicycline   ,,,,,,,,,,,,,,
DMT   ,,,,,,,,,,,,,,
Doxycept   ,,,,,,,,,,,,,,
Doxy L Dr Forte  ,,,,,,,,,,,,,,
Althrocin   ,,,,,,,,,,,,,,
New Erythrocin  ,,,,,,,,,,,,,,
Erythro   ,,,,,,,,,,,,,,
Eltocin   ,,,,,,,,,,,,,,
Erysoft   ,,,,,,,,,,,,,,
Genticyn Paediatric Of  ,,,,,,,,,,,,,,
Gentyric   ,,,,,,,,,,,,,,
L Genta  ,,,,,,,,,,,,,,
Gen   ,,,,,,,,,,,,,,
Zenotic   ,,,,,,,,,,,,,,
Levoflox   ,,,,,,,,,,,,,,
Loxof   ,,,,,,,,,,,,,,
Levomac   ,,,,,,,,,,,,,,
L   ,,,,,,,,,,,,,,
Levoca   ,,,,,,,,,,,,,,
Levoflox   ,,,,,,,,,,,,,,
Levomac   ,,,,,,,,,,,,,,
Levofact   ,,,,,,,,,,,,,,
Licoflox   ,,,,,,,,,,,,,,
Levosip   ,,,,,,,,,,,,,,
Meromac   ,,,,,,,,,,,,,,
Mero   ,,,,,,,,,,,,,,
Morepenem   ,,,,,,,,,,,,,,
Meronem   ,,,,,,,,,,,,,,
Merotec   ,,,,,,,,,,,,,,
Azifast   ,,,,,,,,,,,,,,
Azee   ,,,,,,,,,,,,,,
Azithral   ,,,,,,,,,,,,,,
Az3   ,,,,,,,,,,,,,,
Azee   ,,,,,,,,,,,,,,
Moxikind Cv  ,,,,,,,,,,,,,,
Augmentin Duo  ,,,,,,,,,,,,,,
Augmentin Es  ,,,,,,,,,,,,,,
Mox Clav  ,,,,,,,,,,,,,,
Amoxible Cl  ,,,,,,,,,,,,,,
Augmentin Duo  ,,,,,,,,,,,,,,
Amoxicla   ,,,,,,,,,,,,,,
Mox Cv Bd  ,,,,,,,,,,,,,,
Advent   ,,,,,,,,,,,,,,
Amoxible Cl  ,,,,,,,,,,,,,,
Amoxicla   ,,,,,,,,,,,,,,
Mox Cv Ds  ,,,,,,,,,,,,,,
Mox Cv Bd  ,,,,,,,,,,,,,,
Augmentin Es Of  ,,,,,,,,,,,,,,
Augmentin Duo  ,,,,,,,,,,,,,,
Augmentin   ,,,,,,,,,,,,,,
Amoxible Cl  ,,,,,,,,,,,,,,
Moxynic   ,,,,,,,,,,,,,,
Mox Clav  ,,,,,,,,,,,,,,
Inmoxclav   ,,,,,,,,,,,,,,
Moxisrin Cv  ,,,,,,,,,,,,,,
Ansquare   ,,,,,,,,,,,,,,
Amoxc Endovelicus   ,,,,,,,,,,,,,,
Clavtop   ,,,,,,,,,,,,,,
V Clam Duo  ,,,,,,,,,,,,,,
Mox   ,,,,,,,,,,,,,,
Almox   ,,,,,,,,,,,,,,
Almox   ,,,,,,,,,,,,,,
Ampoxin   ,,,,,,,,,,,,,,
Nodiclox   ,,,,,,,,,,,,,,
Amoxible Dt  ,,,,,,,,,,,,,,
Clavcillin   ,,,,,,,,,,,,,,
Sp Clav  ,,,,,,,,,,,,,,
Moxikem Dt  ,,,,,,,,,,,,,,
Mox Clav Dt  ,,,,,,,,,,,,,,
Mox Cv Ds  ,,,,,,,,,,,,,,
Mox Cv Bd  ,,,,,,,,,,,,,,
Moxclav Es  ,,,,,,,,,,,,,,
Mox Redimix  ,,,,,,,,,,,,,,
Novamox   ,,,,,,,,,,,,,,
Mox   ,,,,,,,,,,,,,,
Almox   ,,,,,,,,,,,,,,
Novamox   ,,,,,,,,,,,,,,
Cipmox   ,,,,,,,,,,,,,,
Almox   ,,,,,,,,,,,,,,
Mox   ,,,,,,,,,,,,,,
Almox   ,,,,,,,,,,,,,,
Novamox   ,,,,,,,,,,,,,,
Cipmox   ,,,,,,,,,,,,,,
Wymox   ,,,,,,,,,,,,,,
Ampoxin   ,,,,,,,,,,,,,,
Zycilin   ,,,,,,,,,,,,,,
Ampy   ,,,,,,,,,,,,,,
Ampurin   ,,,,,,,,,,,,,,
Campilox   ,,,,,,,,,,,,,,
Azicip   ,,,,,,,,,,,,,,
Atm   ,,,,,,,,,,,,,,
Zithrox   ,,,,,,,,,,,,,,
Azee  Of ,,,,,,,,,,,,,,
Azithom   ,,,,,,,,,,,,,,
Azee Dt Of 3 ,,,,,,,,,,,,,,
Azikem Dt  ,,,,,,,,,,,,,,
Zithromin   ,,,,,,,,,,,,,,
Az3 Kid  ,,,,,,,,,,,,,,
Baz   ,,,,,,,,,,,,,,
Droxyl Dt  ,,,,,,,,,,,,,,
Cefadrox Kid  ,,,,,,,,,,,,,,
Cefoxil   ,,,,,,,,,,,,,,
Sudrox Dt  ,,,,,,,,,,,,,,
Biodrox Dt  ,,,,,,,,,,,,,,
Droxyl   ,,,,,,,,,,,,,,
Cdr Lb  ,,,,,,,,,,,,,,
Prodrox   ,,,,,,,,,,,,,,
Droxylan   ,,,,,,,,,,,,,,
C Drox  ,,,,,,,,,,,,,,
Cefolac   ,,,,,,,,,,,,,,
Omnicef O  ,,,,,,,,,,,,,,
Jetex Of  ,,,,,,,,,,,,,,
Zedocef   ,,,,,,,,,,,,,,
Zifi   ,,,,,,,,,,,,,,
Xim Dt  ,,,,,,,,,,,,,,
Fix   ,,,,,,,,,,,,,,
Fixim Dt  ,,,,,,,,,,,,,,
Oxim   ,,,,,,,,,,,,,,
Cadixim   ,,,,,,,,,,,,,,
Xim   ,,,,,,,,,,,,,,
I M Safe Dt  ,,,,,,,,,,,,,,
Ximek   ,,,,,,,,,,,,,,
Fix   ,,,,,,,,,,,,,,
Penixime   ,,,,,,,,,,,,,,
Sulbagreat   ,,,,,,,,,,,,,,
Cefabactim   ,,,,,,,,,,,,,,
Cefonex   ,,,,,,,,,,,,,,
Troyperazone S  ,,,,,,,,,,,,,,
Radibactum   ,,,,,,,,,,,,,,
Cefokem Xp  ,,,,,,,,,,,,,,
Sulbacef   ,,,,,,,,,,,,,,
Cezosal   ,,,,,,,,,,,,,,
Viafosu Of  ,,,,,,,,,,,,,,
S Zone  ,,,,,,,,,,,,,,
Grct   ,,,,,,,,,,,,,,
Troyperazone S  ,,,,,,,,,,,,,,
Sulbagreat   ,,,,,,,,,,,,,,
Sulbagreat   ,,,,,,,,,,,,,,
Cepofic   ,,,,,,,,,,,,,,
Taxim   ,,,,,,,,,,,,,,
Taxim Of  ,,,,,,,,,,,,,,
Swiftax   ,,,,,,,,,,,,,,
Sulbagreat   ,,,,,,,,,,,,,,
Sulbagreat   ,,,,,,,,,,,,,,
Taxim   ,,,,,,,,,,,,,,
Taxim   ,,,,,,,,,,,,,,
Swiftax   ,,,,,,,,,,,,,,
Desatax   ,,,,,,,,,,,,,,
Biotax   ,,,,,,,,,,,,,,
Taxim   ,,,,,,,,,,,,,,
Sanocef S  ,,,,,,,,,,,,,,
Cefotim   ,,,,,,,,,,,,,,
Desatax   ,,,,,,,,,,,,,,
Acrotex   ,,,,,,,,,,,,,,
Sultax   ,,,,,,,,,,,,,,
Taxim Of  ,,,,,,,,,,,,,,
Taximax   ,,,,,,,,,,,,,,
Mactax   ,,,,,,,,,,,,,,
Ivitax   ,,,,,,,,,,,,,,
Sultax   ,,,,,,,,,,,,,,
Taxim   ,,,,,,,,,,,,,,
Stancef   ,,,,,,,,,,,,,,
Cefokil   ,,,,,,,,,,,,,,
Q Tax  ,,,,,,,,,,,,,,
Taxim   ,,,,,,,,,,,,,,
Stancef   ,,,,,,,,,,,,,,
Cefotim   ,,,,,,,,,,,,,,
Intax   ,,,,,,,,,,,,,,
Sifotaxim   ,,,,,,,,,,,,,,
Cepodem Od  ,,,,,,,,,,,,,,
Cef Dt  ,,,,,,,,,,,,,,
Prime   ,,,,,,,,,,,,,,
Ir Pod  ,,,,,,,,,,,,,,
Podxetil   ,,,,,,,,,,,,,,
Podsure   ,,,,,,,,,,,,,,
Cepodem   ,,,,,,,,,,,,,,
Podxetil   ,,,,,,,,,,,,,,
Pod Piper  ,,,,,,,,,,,,,,
Ir Pod  ,,,,,,,,,,,,,,
Synadime   ,,,,,,,,,,,,,,
Cadzid   ,,,,,,,,,,,,,,
Omnazide   ,,,,,,,,,,,,,,
Mastertaz   ,,,,,,,,,,,,,,
Zytaz   ,,,,,,,,,,,,,,
Cefzidime   ,,,,,,,,,,,,,,
Azid   ,,,,,,,,,,,,,,
Zytaz   ,,,,,,,,,,,,,,
Ceftalife   ,,,,,,,,,,,,,,
Cadzid   ,,,,,,,,,,,,,,
Gardcef   ,,,,,,,,,,,,,,
Mastertaz   ,,,,,,,,,,,,,,
Fortacef   ,,,,,,,,,,,,,,
Pizime   ,,,,,,,,,,,,,,
Orzid   ,,,,,,,,,,,,,,
Tenepride M  ,,,,,,,,,,,,,,
Tenepure M  ,,,,,,,,,,,,,,
Ziten M  ,,,,,,,,,,,,,,
Zita Met  ,,,,,,,,,,,,,,
Tendia M  ,,,,,,,,,,,,,,
Vildapride D  ,,,,,,,,,,,,,,
Vildamac Dp  ,,,,,,,,,,,,,,
Vilatin Dp  ,,,,,,,,,,,,,,
Gluvilda D  ,,,,,,,,,,,,,,
Vidaglo Dm  ,,,,,,,,,,,,,,
Istamet G Ir  ,,,,,,,,,,,,,,
Sitapride M  ,,,,,,,,,,,,,,
Sitared M  ,,,,,,,,,,,,,,
Siaglide M  ,,,,,,,,,,,,,,
Ignalis M  ,,,,,,,,,,,,,,
Istamet G Ir  ,,,,,,,,,,,,,,
Azulix Sm Ir  ,,,,,,,,,,,,,,
Sitared M  ,,,,,,,,,,,,,,
Siaglide M  ,,,,,,,,,,,,,,
Ignalis M  ,,,,,,,,,,,,,,
Sitazit Dm Er  ,,,,,,,,,,,,,,
Dapzigard Vdm Forte  ,,,,,,,,,,,,,,
Sitapride Dm  ,,,,,,,,,,,,,,
Sitared Md Xr  ,,,,,,,,,,,,,,
Zita Met  ,,,,,,,,,,,,,,
Teneliglip M  ,,,,,,,,,,,,,,
Udapa M Xr  ,,,,,,,,,,,,,,
Dapo M  ,,,,,,,,,,,,,,
Sitapride Dm  ,,,,,,,,,,,,,,
Sitabite Dm  ,,,,,,,,,,,,,,
Vildamac M Sr  ,,,,,,,,,,,,,,
Vilmax M  ,,,,,,,,,,,,,,
Vildapride M Od  ,,,,,,,,,,,,,,
Vildasamrt M  ,,,,,,,,,,,,,,
Vildanex M  ,,,,,,,,,,,,,,
Vilmax M  ,,,,,,,,,,,,,,
Vildamac M  ,,,,,,,,,,,,,,
Vilatin M  ,,,,,,,,,,,,,,
Vildapride M  ,,,,,,,,,,,,,,
Vinglyn M  ,,,,,,,,,,,,,,
Vildamac M  ,,,,,,,,,,,,,,
Vilatin M  ,,,,,,,,,,,,,,
Vildapride M  ,,,,,,,,,,,,,,
Vildagreat M  ,,,,,,,,,,,,,,
Torglip M  ,,,,,,,,,,,,,,
Vildamac M  ,,,,,,,,,,,,,,
Vilatin M  ,,,,,,,,,,,,,,
Vildapride M  ,,,,,,,,,,,,,,
Vildagard M  ,,,,,,,,,,,,,,
Velin M  ,,,,,,,,,,,,,,
Tenlimac M  ,,,,,,,,,,,,,,
T Glip M  ,,,,,,,,,,,,,,
Tenefit M  ,,,,,,,,,,,,,,
Tenglyn M  ,,,,,,,,,,,,,,
Tendia M  ,,,,,,,,,,,,,,
Diamicron XR Mex  ,,,,,,,,,,,,,,
Reclimet XR Forte  ,,,,,,,,,,,,,,
Glizid M XR  ,,,,,,,,,,,,,,
Euclide M XR  ,,,,,,,,,,,,,,
Glyciphage XR  ,,,,,,,,,,,,,,
Dapzigard Vdm Forte  ,,,,,,,,,,,,,,
Dapaford Vdm  ,,,,,,,,,,,,,,
Vylda Dm  ,,,,,,,,,,,,,,
Vidaglo Dm  ,,,,,,,,,,,,,,
Sitabite Dm  ,,,,,,,,,,,,,,
Vildapride Dm  ,,,,,,,,,,,,,,
Vidaglo Dm  ,,,,,,,,,,,,,,
Vildagliptin Dm  ,,,,,,,,,,,,,,
Vidaglo M  ,,,,,,,,,,,,,,
Vilatin M  ,,,,,,,,,,,,,,
Linares M Forte  ,,,,,,,,,,,,,,
Ondero Met Od  ,,,,,,,,,,,,,,
Ondero Met Od  ,,,,,,,,,,,,,,
Daparyl M  ,,,,,,,,,,,,,,
Emlinz M  ,,,,,,,,,,,,,,
Metfine Ipr  ,,,,,,,,,,,,,,
Metform Sr  ,,,,,,,,,,,,,,
Glycomet   ,,,,,,,,,,,,,,
Gluformin   ,,,,,,,,,,,,,,
Glyciphage Sr  ,,,,,,,,,,,,,,
Janumet XR  ,,,,,,,,,,,,,,
Istamet XR  ,,,,,,,,,,,,,,
Sitaglyn M XR  ,,,,,,,,,,,,,,
Sitaglo M XR  ,,,,,,,,,,,,,,
Siaglide M XR  ,,,,,,,,,,,,,,
Janumet XR  ,,,,,,,,,,,,,,
Istamet XR  ,,,,,,,,,,,,,,
Sitaglyn M XR  ,,,,,,,,,,,,,,
Sitaglo M XR  ,,,,,,,,,,,,,,
Siaglide M XR  ,,,,,,,,,,,,,,
Zita Pio  ,,,,,,,,,,,,,,
Zita Met Plus  ,,,,,,,,,,,,,,
Tenglyn M  ,,,,,,,,,,,,,,
Tendia P  ,,,,,,,,,,,,,,
Torglip M  ,,,,,,,,,,,,,,
Vildapride Od  ,,,,,,,,,,,,,,
Vidaglo M  ,,,,,,,,,,,,,,
Vildapride   ,,,,,,,,,,,,,,
Vildamac   ,,,,,,,,,,,,,,
Vildaglo M  ,,,,,,,,,,,,,,
Sgltr   ,,,,,,,,,,,,,,
Sgltr M  ,,,,,,,,,,,,,,
Sgltd S  ,,,,,,,,,,,,,,
Remo   ,,,,,,,,,,,,,,
Dynaglipt M  ,,,,,,,,,,,,,,
Remo Zen M  ,,,,,,,,,,,,,,
Torglip M  ,,,,,,,,,,,,,,
Sgltr M  ,,,,,,,,,,,,,,
Zomelis Met  ,,,,,,,,,,,,,,
Vildamac M  ,,,,,,,,,,,,,,
Eurepa V  ,,,,,,,,,,,,,,
Volix R  ,,,,,,,,,,,,,,
Volibo R  ,,,,,,,,,,,,,,
Vogli Rapid  ,,,,,,,,,,,,,,
Voglimac R  ,,,,,,,,,,,,,,
Volix R  ,,,,,,,,,,,,,,
Volibo R  ,,,,,,,,,,,,,,
Vogli Rapid  ,,,,,,,,,,,,,,
Glycebose R  ,,,,,,,,,,,,,,
Volga R  ,,,,,,,,,,,,,,
Vogli Rapid  ,,,,,,,,,,,,,,
Volix R  ,,,,,,,,,,,,,,
Eurepa V  ,,,,,,,,,,,,,,
Mage V  ,,,,,,,,,,,,,,
Volix R  ,,,,,,,,,,,,,,
Vogliboz   ,,,,,,,,,,,,,,
Voglitab M  ,,,,,,,,,,,,,,
Voglimac R  ,,,,,,,,,,,,,,
Voglitor R  ,,,,,,,,,,,,,,
Voglitor Md  ,,,,,,,,,,,,,,
Dapaease V  ,,,,,,,,,,,,,,
Dapefy   ,,,,,,,,,,,,,,
Daparyl V  ,,,,,,,,,,,,,,
Dynaglipt M  ,,,,,,,,,,,,,,
Dapavel   ,,,,,,,,,,,,,,
T Glip M  ,,,,,,,,,,,,,,
Dapefy   ,,,,,,,,,,,,,,
Dapaease V  ,,,,,,,,,,,,,,
Daparyl V  ,,,,,,,,,,,,,,
Zita Dm  ,,,,,,,,,,,,,,
Vildapride D  ,,,,,,,,,,,,,,
Vilatin Dp  ,,,,,,,,,,,,,,
Dapapride D  ,,,,,,,,,,,,,,
Sitadapa   ,,,,,,,,,,,,,,
Dapaford Vdm  ,,,,,,,,,,,,,,
Vildapride D  ,,,,,,,,,,,,,,
Vilatin Dp  ,,,,,,,,,,,,,,
Vildamac Dp  ,,,,,,,,,,,,,,
Dapaford Vdm  ,,,,,,,,,,,,,,
Vidaglo D  ,,,,,,,,,,,,,,
Gliptagreat Dm  ,,,,,,,,,,,,,,
Sgltd M  ,,,,,,,,,,,,,,
Dapaglyn M  ,,,,,,,,,,,,,,
Udapa M Xr  ,,,,,,,,,,,,,,
Dapamac M  ,,,,,,,,,,,,,,
Dapaturn S  ,,,,,,,,,,,,,,
Sgltd S  ,,,,,,,,,,,,,,
Sitabite D  ,,,,,,,,,,,,,,
Dapaglyn S  ,,,,,,,,,,,,,,
Dapahenz S  ,,,,,,,,,,,,,,
Sitazit Dm Er  ,,,,,,,,,,,,,,
Siaglide Trio  ,,,,,,,,,,,,,,
Daplo Sm  ,,,,,,,,,,,,,,
Sitamax Trio  ,,,,,,,,,,,,,,
Sitadapa M  ,,,,,,,,,,,,,,
Sitaxa DM  ,,,,,,,,,,,,,,
Dapasach MS  ,,,,,,,,,,,,,,
Siaglide Trio  ,,,,,,,,,,,,,,
Daplo SM  ,,,,,,,,,,,,,,
Daparyl VM  ,,,,,,,,,,,,,,
Dapaford M M  ,,,,,,,,,,,,,,
Dapamac M  ,,,,,,,,,,,,,,
Dapavel M XR  ,,,,,,,,,,,,,,
Dapaglyn M  ,,,,,,,,,,,,,,
Daparyl M  ,,,,,,,,,,,,,,
Dapahenz S  ,,,,,,,,,,,,,,
Dapaglyn S  ,,,,,,,,,,,,,,
Dapavel S  ,,,,,,,,,,,,,,
Daparyl V  ,,,,,,,,,,,,,,
Dapalex S  ,,,,,,,,,,,,,,
Gliburide M  ,,,,,,,,,,,,,,
Azulix Sm Ir  ,,,,,,,,,,,,,,
Azulix Sm Ir  ,,,,,,,,,,,,,,
Voglitab M  ,,,,,,,,,,,,,,
Lobg   ,,,,,,,,,,,,,,
Sitaglyn M  ,,,,,,,,,,,,,,
Sitaglo M  ,,,,,,,,,,,,,,
Siaglide M  ,,,,,,,,,,,,,,
Sitared M  ,,,,,,,,,,,,,,
Sitaxa M  ,,,,,,,,,,,,,,
Daparyl Lm  ,,,,,,,,,,,,,,
Dapaglyn M  ,,,,,,,,,,,,,,
Daparyl V  ,,,,,,,,,,,,,,
Daparyl L  ,,,,,,,,,,,,,,
Dapavel L  ,,,,,,,,,,,,,,
Imextor   ,,,,,,,,,,,,,,
Imezemic   ,,,,,,,,,,,,,,
Inzoboon   ,,,,,,,,,,,,,,
Zuglimin   ,,,,,,,,,,,,,,
Efiglin M  ,,,,,,,,,,,,,,
Gliptagreat M  ,,,,,,,,,,,,,,
Gliptagreat DM  ,,,,,,,,,,,,,,
Nolgliptin MF ER  ,,,,,,,,,,,,,,
Sitared M XR  ,,,,,,,,,,,,,,
Istamet G IR  ,,,,,,,,,,,,,,
Amoxycillin Clavulanic Acid Lactic Acid Bacillus,,,,,,,,,,,Million,Spore,,syrup
Amoxycillin Clavulanic Acid Lactic Acid Bacillus,,,,,,,,,,,Million,Spore,,syrup
Amoxycillin Clavulanic Acid Lactic Acid Bacillus,,,,,,,,,,,Million,Spore,,syrup
Amoxycillin Clavulanic Acid Lactic Acid Bacillus,,,,,,,,,,,Million,Spore,,syrup
Amoxycillin Clavulanic Acid Lactic Acid Bacillus,,,,,,,,,,,Million,Spore,,syrup
Cefdinir   ,,,,,,,,,,,,,,
Cefdinir   ,,,,,,,,,,,,,,
Cefdinir   ,,,,,,,,,,,,,,
Cefdinir   ,,,,,,,,,,,,,,
Cefdinir   ,,,,,,,,,,,,,,
Cefdinir   ,,,,,,,,,,,,,,
Cefdinir   ,,,,,,,,,,,,,,
Cefdinir   ,,,,,,,,,,,,,,
Cefdinir   ,,,,,,,,,,,,,,
Cefdinir   ,,,,,,,,,,,,,,
Tenepride M  ,,,,,,,,,,,,,,
Tenepure M  ,,,,,,,,,,,,,,
Ziten M  ,,,,,,,,,,,,,,
Zita Met  ,,,,,,,,,,,,,,
Tendia M  ,,,,,,,,,,,,,,
Vildapride D  ,,,,,,,,,,,,,,
Vildamac Dp  ,,,,,,,,,,,,,,
Vilatin Dp  ,,,,,,,,,,,,,,
Gluvilda D  ,,,,,,,,,,,,,,
Vidaglo Dm  ,,,,,,,,,,,,,,
Istamet G Ir  ,,,,,,,,,,,,,,
Sitapride M  ,,,,,,,,,,,,,,
Sitared M  ,,,,,,,,,,,,,,
Siaglide M  ,,,,,,,,,,,,,,
Ignalis M  ,,,,,,,,,,,,,,
Istamet G Ir  ,,,,,,,,,,,,,,
Azulix Sm Ir  ,,,,,,,,,,,,,,
Sitared M  ,,,,,,,,,,,,,,
Siaglide M  ,,,,,,,,,,,,,,
Ignalis M  ,,,,,,,,,,,,,,
Sitazit Dm Er  ,,,,,,,,,,,,,,
Dapzigard Vdm Forte  ,,,,,,,,,,,,,,
Sitapride Dm  ,,,,,,,,,,,,,,
Sitared Md Xr Of ,,,,,,,,,,,,,,
Zita Met  ,,,,,,,,,,,,,,
Teneliglip M  ,,,,,,,,,,,,,,
Udapa M Xr  ,,,,,,,,,,,,,,
Dapo M  ,,,,,,,,,,,,,,
Sitapride Dm  ,,,,,,,,,,,,,,
Sitabite Dm  ,,,,,,,,,,,,,,
Vildamac M Sr  ,,,,,,,,,,,,,,
Vilmax M  ,,,,,,,,,,,,,,
Vildapride M Od  ,,,,,,,,,,,,,,
Vildasamrt M  ,,,,,,,,,,,,,,
Vildanex M  ,,,,,,,,,,,,,,
Vilmax M  ,,,,,,,,,,,,,,
Vildamac M  ,,,,,,,,,,,,,,
Vilatin M  ,,,,,,,,,,,,,,
Vildapride M  ,,,,,,,,,,,,,,
Vinglyn M  ,,,,,,,,,,,,,,
Vildamac M  ,,,,,,,,,,,,,,
Vilatin M  ,,,,,,,,,,,,,,
Vildapride M  ,,,,,,,,,,,,,,
Vildagreat M  ,,,,,,,,,,,,,,
Torglip M  ,,,,,,,,,,,,,,
Vildamac M  ,,,,,,,,,,,,,,
Vilatin M  ,,,,,,,,,,,,,,
Vildapride M  ,,,,,,,,,,,,,,
Vildagard M  ,,,,,,,,,,,,,,
Velin M  ,,,,,,,,,,,,,,
Tenlimac M  ,,,,,,,,,,,,,,
T Glip M  ,,,,,,,,,,,,,,
Tenefit M  ,,,,,,,,,,,,,,
Tenglyn M  ,,,,,,,,,,,,,,
Tendia M  ,,,,,,,,,,,,,,
Diamicron XR Mex  ,,,,,,,,,,,,,,
Reclimet XR Forte  ,,,,,,,,,,,,,,
Glizid M XR  ,,,,,,,,,,,,,,
Euclide M XR  ,,,,,,,,,,,,,,
Glyciphage XR  ,,,,,,,,,,,,,,
Dapzigard Vdm Forte  ,,,,,,,,,,,,,,
Dapaford Vdm  ,,,,,,,,,,,,,,
Vylda Dm  ,,,,,,,,,,,,,,
Vidaglo Dm  ,,,,,,,,,,,,,,
Sitabite Dm  ,,,,,,,,,,,,,,
Vildapride Dm  ,,,,,,,,,,,,,,
Vidaglo Dm  ,,,,,,,,,,,,,,
Vildagliptin Dm  ,,,,,,,,,,,,,,
Vidaglo M  ,,,,,,,,,,,,,,
Vilatin M  ,,,,,,,,,,,,,,
Linares M Forte  ,,,,,,,,,,,,,,
Ondero Met Od Of ,,,,,,,,,,,,,,
Ondero Met Od  ,,,,,,,,,,,,,,
Daparyl M  ,,,,,,,,,,,,,,
Emlinz M  ,,,,,,,,,,,,,,
Metfine Ipr  ,,,,,,,,,,,,,,
Metform Sr  ,,,,,,,,,,,,,,
Glycomet   ,,,,,,,,,,,,,,
Gluformin   ,,,,,,,,,,,,,,
Glyciphage Sr  ,,,,,,,,,,,,,,
Janumet XR  ,,,,,,,,,,,,,,
Istamet XR  ,,,,,,,,,,,,,,
Sitaglyn M XR  ,,,,,,,,,,,,,,
Sitaglo M XR  ,,,,,,,,,,,,,,
Siaglide M XR  ,,,,,,,,,,,,,,
Janumet XR  ,,,,,,,,,,,,,,
Istamet XR  ,,,,,,,,,,,,,,
Sitaglyn M XR  ,,,,,,,,,,,,,,
Sitaglo M XR  ,,,,,,,,,,,,,,
Siaglide M XR  ,,,,,,,,,,,,,,
Zita Pio  ,,,,,,,,,,,,,,
Zita Met Plus  ,,,,,,,,,,,,,,
Tenglyn M  ,,,,,,,,,,,,,,
Tendia P  ,,,,,,,,,,,,,,
Torglip M  ,,,,,,,,,,,,,,
Vildapride Od  ,,,,,,,,,,,,,,
Vidaglo M  ,,,,,,,,,,,,,,
Vildapride   ,,,,,,,,,,,,,,
Vildamac   ,,,,,,,,,,,,,,
Vildaglo M  ,,,,,,,,,,,,,,
Sgltr   ,,,,,,,,,,,,,,
Sgltr M  ,,,,,,,,,,,,,,
Sgltd S  ,,,,,,,,,,,,,,
Remo   ,,,,,,,,,,,,,,
Dynaglipt M  ,,,,,,,,,,,,,,
Remo Zen M  ,,,,,,,,,,,,,,
Torglip M  ,,,,,,,,,,,,,,
Sgltr M  ,,,,,,,,,,,,,,
Zomelis Met  ,,,,,,,,,,,,,,
Vildamac M  ,,,,,,,,,,,,,,
Eurepa V  ,,,,,,,,,,,,,,
Volix R  ,,,,,,,,,,,,,,
Volibo R  ,,,,,,,,,,,,,,
Vogli Rapid  ,,,,,,,,,,,,,,
Voglimac R  ,,,,,,,,,,,,,,
Volix R  ,,,,,,,,,,,,,,
Volibo R  ,,,,,,,,,,,,,,
Vogli Rapid  ,,,,,,,,,,,,,,
Glycebose R  ,,,,,,,,,,,,,,
Volga R  ,,,,,,,,,,,,,,
Vogli Rapid  ,,,,,,,,,,,,,,
Volix R  ,,,,,,,,,,,,,,
Eurepa V  ,,,,,,,,,,,,,,
Mage V  ,,,,,,,,,,,,,,
Volix R  ,,,,,,,,,,,,,,
Vogliboz   ,,,,,,,,,,,,,,
Voglitab M  ,,,,,,,,,,,,,,
Voglimac R  ,,,,,,,,,,,,,,
Voglitor R  ,,,,,,,,,,,,,,
Voglitor Md  ,,,,,,,,,,,,,,
Dapaease V  ,,,,,,,,,,,,,,
Dapefy   ,,,,,,,,,,,,,,
Daparyl V  ,,,,,,,,,,,,,,
Dynaglipt M  ,,,,,,,,,,,,,,
Dapavel   ,,,,,,,,,,,,,,
T Glip M  ,,,,,,,,,,,,,,
Dapefy   ,,,,,,,,,,,,,,
Dapaease V  ,,,,,,,,,,,,,,
Daparyl V  ,,,,,,,,,,,,,,
Zita Dm  ,,,,,,,,,,,,,,
Vildapride D  ,,,,,,,,,,,,,,
Vilatin Dp  ,,,,,,,,,,,,,,
Dapapride D  ,,,,,,,,,,,,,,
Sitadapa   ,,,,,,,,,,,,,,
Dapaford Vdm  ,,,,,,,,,,,,,,
Vildapride D  ,,,,,,,,,,,,,,
Vilatin Dp  ,,,,,,,,,,,,,,
Vildamac Dp  ,,,,,,,,,,,,,,
Dapaford Vdm  ,,,,,,,,,,,,,,
Vidaglo D  ,,,,,,,,,,,,,,
Gliptagreat Dm  ,,,,,,,,,,,,,,
Sgltd M  ,,,,,,,,,,,,,,
Dapaglyn M  ,,,,,,,,,,,,,,
Udapa M Xr  ,,,,,,,,,,,,,,
Dapamac M  ,,,,,,,,,,,,,,
Dapaturn S  ,,,,,,,,,,,,,,
Sgltd S  ,,,,,,,,,,,,,,
Sitabite D  ,,,,,,,,,,,,,,
Dapaglyn S  ,,,,,,,,,,,,,,
Dapahenz S  ,,,,,,,,,,,,,,
Sitazit Dm Er  ,,,,,,,,,,,,,,
Siaglide Trio  ,,,,,,,,,,,,,,
Daplo Sm  ,,,,,,,,,,,,,,
Sitamax Trio  ,,,,,,,,,,,,,,
Sitadapa M  ,,,,,,,,,,,,,,
Sitaxa DM  ,,,,,,,,,,,,,,
Dapasach MS  ,,,,,,,,,,,,,,
Siaglide Trio  ,,,,,,,,,,,,,,
Daplo SM  ,,,,,,,,,,,,,,
Daparyl VM  ,,,,,,,,,,,,,,
Dapaford M M  ,,,,,,,,,,,,,,
Dapamac M  ,,,,,,,,,,,,,,
Dapavel M XR  ,,,,,,,,,,,,,,
Dapaglyn M  ,,,,,,,,,,,,,,
Daparyl M  ,,,,,,,,,,,,,,
Dapahenz S  ,,,,,,,,,,,,,,
Dapaglyn S  ,,,,,,,,,,,,,,
Dapavel S  ,,,,,,,,,,,,,,
Daparyl V  ,,,,,,,,,,,,,,
Dapalex S  ,,,,,,,,,,,,,,
Gliburide M  ,,,,,,,,,,,,,,
Azulix Sm Ir  ,,,,,,,,,,,,,,
Azulix Sm Ir  ,,,,,,,,,,,,,,
Voglitab M  ,,,,,,,,,,,,,,
Lobg   ,,,,,,,,,,,,,,
Sitaglyn M  ,,,,,,,,,,,,,,
Sitaglo M  ,,,,,,,,,,,,,,
Siaglide M  ,,,,,,,,,,,,,,
Sitared M  ,,,,,,,,,,,,,,
Sitaxa M  ,,,,,,,,,,,,,,
Daparyl Lm  ,,,,,,,,,,,,,,
Dapaglyn M  ,,,,,,,,,,,,,,
Daparyl V  ,,,,,,,,,,,,,,
Daparyl L  ,,,,,,,,,,,,,,
Dapavel L  ,,,,,,,,,,,,,,
Imextor   ,,,,,,,,,,,,,,
Imezemic   ,,,,,,,,,,,,,,
Inzoboon   ,,,,,,,,,,,,,,
Zuglimin   ,,,,,,,,,,,,,,
Efiglin M  ,,,,,,,,,,,,,,
Gliptagreat M  ,,,,,,,,,,,,,,
Gliptagreat DM  ,,,,,,,,,,,,,,
Nolgliptin MF ER  ,,,,,,,,,,,,,,
Sitared M XR  ,,,,,,,,,,,,,,
Istamet G IR  ,,,,,,,,,,,,,,
Abhayrab   ,,,,,,,,,,,,,,
Rabivax S  ,,,,,,,,,,,,,,
Indirab   ,,,,,,,,,,,,,,
Xprab   ,,,,,,,,,,,,,,
Thrabis   ,,,,,,,,,,,,,,
Efavir   ,,,,,,,,,,,,,,
Effahope   ,,,,,,,,,,,,,,
Revenz   ,,,,,,,,,,,,,,
Evirenz   ,,,,,,,,,,,,,,
Tenvir   ,,,,,,,,,,,,,,
Ricovir   ,,,,,,,,,,,,,,
Reviro   ,,,,,,,,,,,,,,
Vipteno   ,,,,,,,,,,,,,,
Gatonof   ,,,,,,,,,,,,,,
Tofoday   ,,,,,,,,,,,,,,
Efavir   ,,,,,,,,,,,,,,
Tenvir   ,,,,,,,,,,,,,,
Ricovir   ,,,,,,,,,,,,,,
Abec   ,,,,,,,,,,,,,,
Tenvir   ,,,,,,,,,,,,,,
Ricovir   ,,,,,,,,,,,,,,
Reviro   ,,,,,,,,,,,,,,
Abec   ,,,,,,,,,,,,,,
Lamivir   ,,,,,,,,,,,,,,
Virolis E  ,,,,,,,,,,,,,,
Daruvir R  ,,,,,,,,,,,,,,
Daruvir R  ,,,,,,,,,,,,,,
Tenvir   ,,,,,,,,,,,,,,
Desirox   ,,,,,,,,,,,,,,
Durataf   ,,,,,,,,,,,,,,
Thyronorm   ,,,,,,,,,,,,,,
Lethyrox   ,,,,,,,,,,,,,,
Thyronorm   ,,,,,,,,,,,,,,
Lethyrox   ,,,,,,,,,,,,,,
Eltroxin   ,,,,,,,,,,,,,,
Thyroxinol   ,,,,,,,,,,,,,,
Thyronorm   ,,,,,,,,,,,,,,
Eltroxin   ,,,,,,,,,,,,,,
Thyronorm   ,,,,,,,,,,,,,,
Thyronorm   ,,,,,,,,,,,,,,
Thyronorm   ,,,,,,,,,,,,,,
Thyrox   ,,,,,,,,,,,,,,
Eltroxin   ,,,,,,,,,,,,,,
Neo Mercazole  ,,,,,,,,,,,,,,
Anti Thyrox  ,,,,,,,,,,,,,,
Thyrocab   ,,,,,,,,,,,,,,
Thyrocab   ,,,,,,,,,,,,,,
Anti Thyrox  ,,,,,,,,,,,,,,
Neo Mercazole  ,,,,,,,,,,,,,,
Thyrocab   ,,,,,,,,,,,,,,
Anti Thyrox  ,,,,,,,,,,,,,,
Carbirose   ,,,,,,,,,,,,,,
Neo Mercazole  ,,,,,,,,,,,,,,
Thyronorm   ,,,,,,,,,,,,,,
Eltroxin   ,,,,,,,,,,,,,,
Thyronorm   ,,,,,,,,,,,,,,
Thyronorm   ,,,,,,,,,,,,,,
Eltroxin   ,,,,,,,,,,,,,,
Neo Mercazole  ,,,,,,,,,,,,,,
Thyrocab   ,,,,,,,,,,,,,,
Anti Thyrox  ,,,,,,,,,,,,,,
Neo Mercazole  ,,,,,,,,,,,,,,
Anti Thyrox  ,,,,,,,,,,,,,,
Methimez   ,,,,,,,,,,,,,,
Neo Mercazole  ,,,,,,,,,,,,,,
Anti Thyrox  ,,,,,,,,,,,,,,
Thyrocab   ,,,,,,,,,,,,,,
Methate   ,,,,,,,,,,,,,,
Thyronorm   ,,,,,,,,,,,,,,
Eltroxin   ,,,,,,,,,,,,,,
Thyronorm   ,,,,,,,,,,,,,,
Thyronorm   ,,,,,,,,,,,,,,
Lethyrox   ,,,,,,,,,,,,,,
Thyronorm   ,,,,,,,,,,,,,,
Thyronorm   ,,,,,,,,,,,,,,
Thyronorm   ,,,,,,,,,,,,,,
Thyronorm   ,,,,,,,,,,,,,,
Thyronorm   ,,,,,,,,,,,,,,
Viralex   ,,,,,,,,,,,,,,
Ranopill   ,,,,,,,,,,,,,,
Ranozex   ,,,,,,,,,,,,,,
Ranolena   ,,,,,,,,,,,,,,
Intracil   ,,,,,,,,,,,,,,
Osevir   ,,,,,,,,,,,,,,
Oltavir   ,,,,,,,,,,,,,,
Fluvir   ,,,,,,,,,,,,,,
Acivir Dt  ,,,,,,,,,,,,,,
Ocuvir Dt  ,,,,,,,,,,,,,,
Ocurax   ,,,,,,,,,,,,,,
Zoster Dt  ,,,,,,,,,,,,,,
Acivir Dt  ,,,,,,,,,,,,,,
Valcivir   ,,,,,,,,,,,,,,
Valamac   ,,,,,,,,,,,,,,
Zimivir   ,,,,,,,,,,,,,,
Valtoval   ,,,,,,,,,,,,,,
Herpival   ,,,,,,,,,,,,,,
Acivir Dt  ,,,,,,,,,,,,,,
Ocuvir Dt  ,,,,,,,,,,,,,,
Zoster Dt  ,,,,,,,,,,,,,,
Acivir Dt  ,,,,,,,,,,,,,,
Ocuvir Dt  ,,,,,,,,,,,,,,
Ocurax   ,,,,,,,,,,,,,,
Acivir Dt  ,,,,,,,,,,,,,,
Acivir Dt  ,,,,,,,,,,,,,,
Ocuvir Dt  ,,,,,,,,,,,,,,
Acivir Dt  ,,,,,,,,,,,,,,
Fluvir   ,,,,,,,,,,,,,,
Antiflu   ,,,,,,,,,,,,,,
Oltavir   ,,,,,,,,,,,,,,
Flucover   ,,,,,,,,,,,,,,
Starflu   ,,,,,,,,,,,,,,
Acivir Dt  ,,,,,,,,,,,,,,
Acivir Dt  ,,,,,,,,,,,,,,
Ocuvir Dt  ,,,,,,,,,,,,,,
Ocuvir Dt  ,,,,,,,,,,,,,,
Zoster Dt  ,,,,,,,,,,,,,,
Valcivir   ,,,,,,,,,,,,,,
Valanext   ,,,,,,,,,,,,,,
Valcet   ,,,,,,,,,,,,,,
Dabigat   ,,,,,,,,,,,,,,
Afogatran   ,,,,,,,,,,,,,,
Dablexa   ,,,,,,,,,,,,,,
Dabigza   ,,,,,,,,,,,,,,
Dabistar   ,,,,,,,,,,,,,,
Dabistar   ,,,,,,,,,,,,,,
Dablexa   ,,,,,,,,,,,,,,
Dabigat   ,,,,,,,,,,,,,,
Afogatran   ,,,,,,,,,,,,,,
Dablexa   ,,,,,,,,,,,,,,
Promet   ,,,,,,,,,,,,,,
K Win  ,,,,,,,,,,,,,,
Phyto K1  ,,,,,,,,,,,,,,
Drotamet   ,,,,,,,,,,,,,,
Atro   ,,,,,,,,,,,,,,
Beprin   ,,,,,,,,,,,,,,
Beprin   ,,,,,,,,,,,,,,
Neporin   ,,,,,,,,,,,,,,
Caprin   ,,,,,,,,,,,,,,
Aparin Oint  ,,,,,,,,,,,,,,
Heparid   ,,,,,,,,,,,,,,
Hyruan Pfs  ,,,,,,,,,,,,,,
Caprin   ,,,,,,,,,,,,,,
Neporin   ,,,,,,,,,,,,,,
V Parin  ,,,,,,,,,,,,,,
Neporin   ,,,,,,,,,,,,,,
V Parin  ,,,,,,,,,,,,,,
Caprin   ,,,,,,,,,,,,,,
Heparid   ,,,,,,,,,,,,,,
Hyruan Pfs  ,,,,,,,,,,,,,,
Apigat   ,,,,,,,,,,,,,,
Apixator   ,,,,,,,,,,,,,,
Apigy   ,,,,,,,,,,,,,,
Apixapil   ,,,,,,,,,,,,,,
Abaxis   ,,,,,,,,,,,,,,
Apigat   ,,,,,,,,,,,,,,
Apixator   ,,,,,,,,,,,,,,
Apigy   ,,,,,,,,,,,,,,
Abaxis   ,,,,,,,,,,,,,,
Apixapil   ,,,,,,,,,,,,,,
Dabigo   ,,,,,,,,,,,,,,
Dabiclot   ,,,,,,,,,,,,,,
Dabigat   ,,,,,,,,,,,,,,
Dabistar   ,,,,,,,,,,,,,,
Dablexa   ,,,,,,,,,,,,,,
Ixarola   ,,,,,,,,,,,,,,
Rivaflo   ,,,,,,,,,,,,,,
Rovor   ,,,,,,,,,,,,,,
Rivaban   ,,,,,,,,,,,,,,
Ixarola   ,,,,,,,,,,,,,,
Rivaflo   ,,,,,,,,,,,,,,
Rivared   ,,,,,,,,,,,,,,
Ixarola   ,,,,,,,,,,,,,,
Rovor   ,,,,,,,,,,,,,,
Rivaxa   ,,,,,,,,,,,,,,
Leucorin   ,,,,,,,,,,,,,,
Covorin   ,,,,,,,,,,,,,,
Calcious   ,,,,,,,,,,,,,,
Calcivorin Amp  ,,,,,,,,,,,,,,
Leucorin   ,,,,,,,,,,,,,,
Acetazolamide   ,,,,,,,,,,,,,,
Acetazolamide   ,,,,,,,,,,,,,,
Acetazolamide   ,,,,,,,,,,,,,,
Acetazolamide   ,,,,,,,,,,,,,,
Cefuroxime Axetil  ,,,,,,,,,,,,,,
Cefuroxime Axetil  ,,,,,,,,,,,,,,
Cefuroxime Axetil  ,,,,,,,,,,,,,,
Cefuroxime Axetil  ,,,,,,,,,,,,,,
Cefuroxime Axetil  ,,,,,,,,,,,,,,
Cefuroxime Axetil  ,,,,,,,,,,,,,,
Rifaximin   ,,,,,,,,,,,,,,
Rifaximin   ,,,,,,,,,,,,,,
Rifaximin   ,,,,,,,,,,,,,,
Rifaximin   ,,,,,,,,,,,,,,
Rifaximin   ,,,,,,,,,,,,,,
Rifaximin   ,,,,,,,,,,,,,,
Levofloxacin   ,,,,,,,,,,,,,,
Levofloxacin   ,,,,,,,,,,,,,,
Levofloxacin   ,,,,,,,,,,,,,,
Levofloxacin   ,,,,,,,,,,,,,,
Levofloxacin   ,,,,,,,,,,,,,,
Clotrimazole Vaginal  ,,,,,,,,,,,,,,
Clotrimazole Vaginal  ,,,,,,,,,,,,,,
Clotrimazole Vaginal  ,,,,,,,,,,,,,,
Clotrimazole Vaginal  ,,,,,,,,,,,,,,
Clotrimazole Vaginal  ,,,,,,,,,,,,,,
Cefuroxime   ,,,,,,,,,,,,,,
Cefuroxime   ,,,,,,,,,,,,,,
Cefuroxime   ,,,,,,,,,,,,,,
Cefuroxime   ,,,,,,,,,,,,,,
Cefuroxime   ,,,,,,,,,,,,,,
Cefuroxime Axetil  ,,,,,,,,,,,,,,
Cefuroxime Axetil  ,,,,,,,,,,,,,,
Cefuroxime Axetil  ,,,,,,,,,,,,,,
Cefuroxime Axetil  ,,,,,,,,,,,,,,
Cefuroxime Axetil  ,,,,,,,,,,,,,,
Clarithromycin   ,,,,,,,,,,,,,,
Clarithromycin   ,,,,,,,,,,,,,,
Clarithromycin   ,,,,,,,,,,,,,,
Clarithromycin   ,,,,,,,,,,,,,,
Clarithromycin   ,,,,,,,,,,,,,,
Cefpodoxime Proxetil  ,,,,,,,,,,,,,,
Cefpodoxime Proxetil  ,,,,,,,,,,,,,,
Cefpodoxime Proxetil  ,,,,,,,,,,,,,,
Cefpodoxime Proxetil  ,,,,,,,,,,,,,,
Cefpodoxime Proxetil  ,,,,,,,,,,,,,,
Erythromycin Estolate  ,,,,,,,,,,,,,,
Erythromycin Estolate  ,,,,,,,,,,,,,,
Erythromycin Estolate  ,,,,,,,,,,,,,,
Erythromycin Estolate  ,,,,,,,,,,,,,,
Erythromycin Estolate  ,,,,,,,,,,,,,,
Cefixime Potassium Clavulanate  ,,,,,,,,,,,,,,
Cefixime Potassium Clavulanate  ,,,,,,,,,,,,,,
Cefixime Potassium Clavulanate  ,,,,,,,,,,,,,,
Cefixime Potassium Clavulanate  ,,,,,,,,,,,,,,
Cefixime Potassium Clavulanate  ,,,,,,,,,,,,,,
Moxifloxacin   ,,,,,,,,,,,,,,
Moxifloxacin   ,,,,,,,,,,,,,,
Moxifloxacin   ,,,,,,,,,,,,,,
Moxifloxacin   ,,,,,,,,,,,,,,
Moxifloxacin   ,,,,,,,,,,,,,,
Cefuroxime Axetil Potassium Clavulanate ,,,,,,,,,,,,,,
Cefuroxime Axetil Potassium Clavulanate ,,,,,,,,,,,,,,
Cefuroxime Axetil Potassium Clavulanate ,,,,,,,,,,,,,,
Cefuroxime Axetil Potassium Clavulanate ,,,,,,,,,,,,,,
Cefuroxime Axetil Potassium Clavulanate ,,,,,,,,,,,,,,
Amoxycillin Potassium Clavulanate  ,,,,,,,,,,,,,,
Amoxycillin Potassium Clavulanate  ,,,,,,,,,,,,,,
Amoxycillin Potassium Clavulanate  ,,,,,,,,,,,,,,
Amoxycillin Potassium Clavulanate  ,,,,,,,,,,,,,,
Amoxycillin Potassium Clavulanate  ,,,,,,,,,,,,,,
Amoxycillin Potassium Clavulanate  ,,,,,,,,,,,,,,
Amoxycillin Potassium Clavulanate  ,,,,,,,,,,,,,,
Amoxycillin Potassium Clavulanate  ,,,,,,,,,,,,,,
Amoxycillin Potassium Clavulanate  ,,,,,,,,,,,,,,
Amoxycillin Potassium Clavulanate  ,,,,,,,,,,,,,,
Clindamycin   ,,,,,,,,,,,,,,
Clindamycin   ,,,,,,,,,,,,,,
Clindamycin   ,,,,,,,,,,,,,,
Clindamycin   ,,,,,,,,,,,,,,
Clindamycin   ,,,,,,,,,,,,,,
Linezolid   ,,,,,,,,,,,,,,
Linezolid   ,,,,,,,,,,,,,,
Linezolid   ,,,,,,,,,,,,,,
Linezolid   ,,,,,,,,,,,,,,
Linezolid   ,,,,,,,,,,,,,,
Ofloxacin   ,,,,,,,,,,,,,,
Ofloxacin   ,,,,,,,,,,,,,,
Ofloxacin   ,,,,,,,,,,,,,,
Ofloxacin   ,,,,,,,,,,,,,,
Ofloxacin   ,,,,,,,,,,,,,,
Imipenem Cilastatin  ,,,,,,,,,,,,,,
Imipenem Cilastatin  ,,,,,,,,,,,,,,
Imipenem Cilastatin  ,,,,,,,,,,,,,,
Imipenem Cilastatin  ,,,,,,,,,,,,,,
Imipenem Cilastatin  ,,,,,,,,,,,,,,
Clindamycin   ,,,,,,,,,,,,,,
Clindamycin   ,,,,,,,,,,,,,,
Clindamycin   ,,,,,,,,,,,,,,
Clindamycin   ,,,,,,,,,,,,,,
Clindamycin   ,,,,,,,,,,,,,,
Clarithromycin   ,,,,,,,,,,,,,,
Clarithromycin   ,,,,,,,,,,,,,,
Clarithromycin   ,,,,,,,,,,,,,,
Clarithromycin   ,,,,,,,,,,,,,,
Clarithromycin   ,,,,,,,,,,,,,,
Cefixime Ofloxacin  ,,,,,,,,,,,,,,
Cefixime Ofloxacin  ,,,,,,,,,,,,,,
Cefixime Ofloxacin  ,,,,,,,,,,,,,,
Cefixime Ofloxacin  ,,,,,,,,,,,,,,
Cefixime Ofloxacin  ,,,,,,,,,,,,,,
Linezolid   ,,,,,,,,,,,,,,
Linezolid   ,,,,,,,,,,,,,,
Linezolid   ,,,,,,,,,,,,,,
Linezolid   ,,,,,,,,,,,,,,
Linezolid   ,,,,,,,,,,,,,,
Cefpodoxime Potassium Clavulanate  ,,,,,,,,,,,,,,
Cefpodoxime Potassium Clavulanate  ,,,,,,,,,,,,,,
Cefpodoxime Potassium Clavulanate  ,,,,,,,,,,,,,,
Cefpodoxime Potassium Clavulanate  ,,,,,,,,,,,,,,
Cefpodoxime Potassium Clavulanate  ,,,,,,,,,,,,,,
Metronidazole   ,,,,,,,,,,,,,,
Metronidazole   ,,,,,,,,,,,,,,
Metronidazole   ,,,,,,,,,,,,,,
Metronidazole   ,,,,,,,,,,,,,,
Metronidazole   ,,,,,,,,,,,,,,
Ciprofloxacin   ,,,,,,,,,,,,,,
Ciprofloxacin   ,,,,,,,,,,,,,,
Ciprofloxacin   ,,,,,,,,,,,,,,
Ciprofloxacin   ,,,,,,,,,,,,,,
Ciprofloxacin   ,,,,,,,,,,,,,,
Metronidazole   ,,,,,,,,,,,,,,
Metronidazole   ,,,,,,,,,,,,,,
Metronidazole   ,,,,,,,,,,,,,,
Metronidazole   ,,,,,,,,,,,,,,
Metronidazole   ,,,,,,,,,,,,,,
Metronidazole   ,,,,,,,,,,,,,,
Metronidazole   ,,,,,,,,,,,,,,
Metronidazole   ,,,,,,,,,,,,,,
Metronidazole   ,,,,,,,,,,,,,,
Metronidazole   ,,,,,,,,,,,,,,
Ornidazole   ,,,,,,,,,,,,,,
Ornidazole   ,,,,,,,,,,,,,,
Ornidazole   ,,,,,,,,,,,,,,
Ornidazole   ,,,,,,,,,,,,,,
Ornidazole   ,,,,,,,,,,,,,,
Norfloxacin   ,,,,,,,,,,,,,,
Norfloxacin   ,,,,,,,,,,,,,,
Norfloxacin   ,,,,,,,,,,,,,,
Norfloxacin   ,,,,,,,,,,,,,,
Norfloxacin   ,,,,,,,,,,,,,,
Ofloxacin Ornidazole  ,,,,,,,,,,,,,,
Ofloxacin Ornidazole  ,,,,,,,,,,,,,,
Ofloxacin Ornidazole  ,,,,,,,,,,,,,,
Ofloxacin Ornidazole  ,,,,,,,,,,,,,,
Ofloxacin Ornidazole  ,,,,,,,,,,,,,,
Ofloxacin   ,,,,,,,,,,,,,,
Ofloxacin   ,,,,,,,,,,,,,,
Ofloxacin   ,,,,,,,,,,,,,,
Ofloxacin   ,,,,,,,,,,,,,,
Ofloxacin   ,,,,,,,,,,,,,,
Ofloxacin   ,,,,,,,,,,,,,,
Ofloxacin   ,,,,,,,,,,,,,,
Ofloxacin   ,,,,,,,,,,,,,,
Ofloxacin   ,,,,,,,,,,,,,,
Ofloxacin   ,,,,,,,,,,,,,,
Piperacillin Tazobactum  ,,,,,,,,,,,,,,
Piperacillin Tazobactum  ,,,,,,,,,,,,,,
Piperacillin Tazobactum  ,,,,,,,,,,,,,,
Piperacillin Tazobactum  ,,,,,,,,,,,,,,
Piperacillin Tazobactum  ,,,,,,,,,,,,,,
Roxithromycin   ,,,,,,,,,,,,,,
Roxithromycin   ,,,,,,,,,,,,,,
Roxithromycin   ,,,,,,,,,,,,,,
Roxithromycin   ,,,,,,,,,,,,,,
Roxithromycin   ,,,,,,,,,,,,,,
Roxithromycin   ,,,,,,,,,,,,,,
Roxithromycin   ,,,,,,,,,,,,,,
Roxithromycin   ,,,,,,,,,,,,,,
Roxithromycin   ,,,,,,,,,,,,,,
Roxithromycin   ,,,,,,,,,,,,,,
Roxithromycin   ,,,,,,,,,,,,,,
Roxithromycin   ,,,,,,,,,,,,,,
Roxithromycin   ,,,,,,,,,,,,,,
Roxithromycin   ,,,,,,,,,,,,,,
Roxithromycin   ,,,,,,,,,,,,,,
Tinidazole   ,,,,,,,,,,,,,,
Tinidazole   ,,,,,,,,,,,,,,
Tinidazole   ,,,,,,,,,,,,,,
Tinidazole   ,,,,,,,,,,,,,,
Tinidazole   ,,,,,,,,,,,,,,
Tinidazole   ,,,,,,,,,,,,,,
Tinidazole   ,,,,,,,,,,,,,,
Tinidazole   ,,,,,,,,,,,,,,
Tinidazole   ,,,,,,,,,,,,,,
Tinidazole   ,,,,,,,,,,,,,,
Vancomycin Hydrochloride for Intravenous  ,,,,,,,,,,,,,,
Vancomycin Hydrochloride for Intravenous  ,,,,,,,,,,,,,,
Vancomycin Hydrochloride for Intravenous  ,,,,,,,,,,,,,,
Vancomycin Hydrochloride for Intravenous  ,,,,,,,,,,,,,,
Vancomycin Hydrochloride for Intravenous  ,,,,,,,,,,,,,,
Amikacin   ,,,,,,,,,,,,,,
Amikacin   ,,,,,,,,,,,,,,
Amikacin   ,,,,,,,,,,,,,,
Amikacin   ,,,,,,,,,,,,,,
Amikacin   ,,,,,,,,,,,,,,
Amikacin   ,,,,,,,,,,,,,,
Amikacin   ,,,,,,,,,,,,,,
Amikacin   ,,,,,,,,,,,,,,
Amikacin   ,,,,,,,,,,,,,,
Amikacin   ,,,,,,,,,,,,,,
Amikacin   ,,,,,,,,,,,,,,
Amikacin   ,,,,,,,,,,,,,,
Amikacin   ,,,,,,,,,,,,,,
Amikacin   ,,,,,,,,,,,,,,
Amikacin   ,,,,,,,,,,,,,,
Co-trimoxazole Sulphamethoxazole Trimethoprim  ,,,,,,,,,,,,,,
Co-trimoxazole Sulphamethoxazole Trimethoprim  ,,,,,,,,,,,,,,
Co-trimoxazole Sulphamethoxazole Trimethoprim  ,,,,,,,,,,,,,,
Co-trimoxazole Sulphamethoxazole Trimethoprim  ,,,,,,,,,,,,,,
Co-trimoxazole Sulphamethoxazole Trimethoprim  ,,,,,,,,,,,,,,
Co-trimoxazole Sulphamethoxazole Trimethoprim  ,,,,,,,,,,,,,,
Co-trimoxazole Sulphamethoxazole Trimethoprim  ,,,,,,,,,,,,,,
Co-trimoxazole Sulphamethoxazole Trimethoprim  ,,,,,,,,,,,,,,
Co-trimoxazole Sulphamethoxazole Trimethoprim  ,,,,,,,,,,,,,,
Co-trimoxazole Sulphamethoxazole Trimethoprim  ,,,,,,,,,,,,,,
Co-trimoxazole Sulphamethoxazole Trimethoprim  ,,,,,,,,,,,,,,
Co-trimoxazole Sulphamethoxazole Trimethoprim  ,,,,,,,,,,,,,,
Co-trimoxazole Sulphamethoxazole Trimethoprim  ,,,,,,,,,,,,,,
Co-trimoxazole Sulphamethoxazole Trimethoprim  ,,,,,,,,,,,,,,
Co-trimoxazole Sulphamethoxazole Trimethoprim  ,,,,,,,,,,,,,,
Doxycycline   ,,,,,,,,,,,,,,
Doxycycline   ,,,,,,,,,,,,,,
Doxycycline   ,,,,,,,,,,,,,,
Doxycycline   ,,,,,,,,,,,,,,
Doxycycline   ,,,,,,,,,,,,,,
Erythromycin Stearate  ,,,,,,,,,,,,,,
Erythromycin Stearate  ,,,,,,,,,,,,,,
Erythromycin Stearate  ,,,,,,,,,,,,,,
Erythromycin Stearate  ,,,,,,,,,,,,,,
Erythromycin Stearate  ,,,,,,,,,,,,,,
Gentamicin Sulphate  ,,,,,,,,,,,,,,
Gentamicin Sulphate  ,,,,,,,,,,,,,,
Gentamicin Sulphate  ,,,,,,,,,,,,,,
Gentamicin Sulphate  ,,,,,,,,,,,,,,
Gentamicin Sulphate  ,,,,,,,,,,,,,,
Levofloxacin   ,,,,,,,,,,,,,,
Levofloxacin   ,,,,,,,,,,,,,,
Levofloxacin   ,,,,,,,,,,,,,,
Levofloxacin   ,,,,,,,,,,,,,,
Levofloxacin   ,,,,,,,,,,,,,,
Levofloxacin   ,,,,,,,,,,,,,,
Levofloxacin   ,,,,,,,,,,,,,,
Levofloxacin   ,,,,,,,,,,,,,,
Levofloxacin   ,,,,,,,,,,,,,,
Levofloxacin   ,,,,,,,,,,,,,,
Meropenem   ,,,,,,,,,,,,,,
Meropenem   ,,,,,,,,,,,,,,
Meropenem   ,,,,,,,,,,,,,,
Meropenem   ,,,,,,,,,,,,,,
Meropenem   ,,,,,,,,,,,,,,
Azithromycin   ,,,,,,,,,,,,,,
Azithromycin   ,,,,,,,,,,,,,,
Azithromycin   ,,,,,,,,,,,,,,
Azithromycin   ,,,,,,,,,,,,,,
Azithromycin   ,,,,,,,,,,,,,,
Amoxycillin Potassium Clavulanate  ,,,,,,,,,,,,,,
Amoxycillin Potassium Clavulanate  ,,,,,,,,,,,,,,
Amoxycillin Potassium Clavulanate  ,,,,,,,,,,,,,,
Amoxycillin Potassium Clavulanate  ,,,,,,,,,,,,,,
Amoxycillin Potassium Clavulanate  ,,,,,,,,,,,,,,
Amoxycillin Potassium Clavulanate  ,,,,,,,,,,,,,,
Amoxycillin Potassium Clavulanate  ,,,,,,,,,,,,,,
Amoxycillin Potassium Clavulanate  ,,,,,,,,,,,,,,
Amoxycillin Potassium Clavulanate  ,,,,,,,,,,,,,,
Amoxycillin Potassium Clavulanate  ,,,,,,,,,,,,,,
Amoxycillin Potassium Clavulanate  ,,,,,,,,,,,,,,
Amoxycillin Potassium Clavulanate  ,,,,,,,,,,,,,,
Amoxycillin Potassium Clavulanate  ,,,,,,,,,,,,,,
Amoxycillin Potassium Clavulanate  ,,,,,,,,,,,,,,
Amoxycillin Potassium Clavulanate  ,,,,,,,,,,,,,,
Amoxycillin Potassium Clavulanate  ,,,,,,,,,,,,,,
Amoxycillin Potassium Clavulanate  ,,,,,,,,,,,,,,
Amoxycillin Potassium Clavulanate  ,,,,,,,,,,,,,,
Amoxycillin Potassium Clavulanate  ,,,,,,,,,,,,,,
Amoxycillin Potassium Clavulanate  ,,,,,,,,,,,,,,
Amoxycillin Potassium Clavulanate  ,,,,,,,,,,,,,,
Amoxycillin Potassium Clavulanate  ,,,,,,,,,,,,,,
Amoxycillin Potassium Clavulanate  ,,,,,,,,,,,,,,
Amoxycillin Potassium Clavulanate  ,,,,,,,,,,,,,,
Amoxycillin Potassium Clavulanate  ,,,,,,,,,,,,,,
Amoxycillin Cloxacillin  ,,,,,,,,,,,,,,
Amoxycillin Cloxacillin  ,,,,,,,,,,,,,,
Amoxycillin Cloxacillin  ,,,,,,,,,,,,,,
Amoxycillin Cloxacillin  ,,,,,,,,,,,,,,
Amoxycillin Cloxacillin  ,,,,,,,,,,,,,,
Amoxycillin Trihydrate  ,,,,,,,,,,,,,,
Amoxycillin Trihydrate  ,,,,,,,,,,,,,,
Amoxycillin Trihydrate  ,,,,,,,,,,,,,,
Amoxycillin Trihydrate  ,,,,,,,,,,,,,,
Amoxycillin Trihydrate  ,,,,,,,,,,,,,,
Amoxycillin   ,,,,,,,,,,,,,,
Amoxycillin   ,,,,,,,,,,,,,,
Amoxycillin   ,,,,,,,,,,,,,,
Amoxycillin   ,,,,,,,,,,,,,,
Amoxycillin   ,,,,,,,,,,,,,,
Amoxycillin   ,,,,,,,,,,,,,,
Amoxycillin   ,,,,,,,,,,,,,,
Amoxycillin   ,,,,,,,,,,,,,,
Amoxycillin   ,,,,,,,,,,,,,,
Amoxycillin   ,,,,,,,,,,,,,,
Amoxycillin   ,,,,,,,,,,,,,,
Amoxycillin   ,,,,,,,,,,,,,,
Amoxycillin   ,,,,,,,,,,,,,,
Amoxycillin   ,,,,,,,,,,,,,,
Amoxycillin   ,,,,,,,,,,,,,,
Ampicillin   ,,,,,,,,,,,,,,
Ampicillin   ,,,,,,,,,,,,,,
Ampicillin   ,,,,,,,,,,,,,,
Ampicillin   ,,,,,,,,,,,,,,
Ampicillin   ,,,,,,,,,,,,,,
Azithromycin   ,,,,,,,,,,,,,,
Azithromycin   ,,,,,,,,,,,,,,
Azithromycin   ,,,,,,,,,,,,,,
Azithromycin   ,,,,,,,,,,,,,,
Azithromycin   ,,,,,,,,,,,,,,
Azithromycin   ,,,,,,,,,,,,,,
Azithromycin   ,,,,,,,,,,,,,,
Azithromycin   ,,,,,,,,,,,,,,
Azithromycin   ,,,,,,,,,,,,,,
Azithromycin   ,,,,,,,,,,,,,,
Cefadroxil   ,,,,,,,,,,,,,,
Cefadroxil   ,,,,,,,,,,,,,,
Cefadroxil   ,,,,,,,,,,,,,,
Cefadroxil   ,,,,,,,,,,,,,,
Cefadroxil   ,,,,,,,,,,,,,,
Cefadroxil   ,,,,,,,,,,,,,,
Cefadroxil   ,,,,,,,,,,,,,,
Cefadroxil   ,,,,,,,,,,,,,,
Cefadroxil   ,,,,,,,,,,,,,,
Cefadroxil   ,,,,,,,,,,,,,,
Cefixime   ,,,,,,,,,,,,,,
Cefixime   ,,,,,,,,,,,,,,
Cefixime   ,,,,,,,,,,,,,,
Cefixime   ,,,,,,,,,,,,,,
Cefixime   ,,,,,,,,,,,,,,
Cefixime   ,,,,,,,,,,,,,,
Cefixime   ,,,,,,,,,,,,,,
Cefixime   ,,,,,,,,,,,,,,
Cefixime   ,,,,,,,,,,,,,,
Cefixime   ,,,,,,,,,,,,,,
Cefixime   ,,,,,,,,,,,,,,
Cefixime   ,,,,,,,,,,,,,,
Cefixime   ,,,,,,,,,,,,,,
Cefixime   ,,,,,,,,,,,,,,
Cefixime   ,,,,,,,,,,,,,,
Cefoperazone Sulbactam  ,,,,,,,,,,,,,,
Cefoperazone Sulbactam  ,,,,,,,,,,,,,,
Cefoperazone Sulbactam  ,,,,,,,,,,,,,,
Cefoperazone Sulbactam  ,,,,,,,,,,,,,,
Cefoperazone Sulbactam  ,,,,,,,,,,,,,,
Cefoperazone Sulbactam  ,,,,,,,,,,,,,,
Cefoperazone Sulbactam  ,,,,,,,,,,,,,,
Cefoperazone Sulbactam  ,,,,,,,,,,,,,,
Cefoperazone Sulbactam  ,,,,,,,,,,,,,,
Cefoperazone Sulbactam  ,,,,,,,,,,,,,,
Cefoperazone   ,,,,,,,,,,,,,,
Cefoperazone   ,,,,,,,,,,,,,,
Cefoperazone   ,,,,,,,,,,,,,,
Cefoperazone   ,,,,,,,,,,,,,,
Cefoperazone   ,,,,,,,,,,,,,,
Cefotaxime Sodium Sulbactam Sodium ,,,,,,,,,,,,,,
Cefotaxime Sodium Sulbactam Sodium ,,,,,,,,,,,,,,
Cefotaxime Sodium Sulbactam Sodium ,,,,,,,,,,,,,,
Cefotaxime Sodium Sulbactam Sodium ,,,,,,,,,,,,,,
Cefotaxime Sodium Sulbactam Sodium ,,,,,,,,,,,,,,
Cefotaxime Sodium Sulbactam Sodium ,,,,,,,,,,,,,,
Cefotaxime Sodium Sulbactam Sodium ,,,,,,,,,,,,,,
Cefotaxime Sodium Sulbactam Sodium ,,,,,,,,,,,,,,
Cefotaxime Sodium Sulbactam Sodium ,,,,,,,,,,,,,,
Cefotaxime Sodium Sulbactam Sodium ,,,,,,,,,,,,,,
Cefotaxime Sodium Sulbactam Sodium ,,,,,,,,,,,,,,
Cefotaxime Sodium Sulbactam Sodium ,,,,,,,,,,,,,,
Cefotaxime Sodium Sulbactam Sodium ,,,,,,,,,,,,,,
Cefotaxime Sodium Sulbactam Sodium ,,,,,,,,,,,,,,
Cefotaxime Sodium Sulbactam Sodium ,,,,,,,,,,,,,,
Cefotaxime Sodium  ,,,,,,,,,,,,,,
Cefotaxime Sodium  ,,,,,,,,,,,,,,
Cefotaxime Sodium  ,,,,,,,,,,,,,,
Cefotaxime Sodium  ,,,,,,,,,,,,,,
Cefotaxime Sodium  ,,,,,,,,,,,,,,
Cefotaxime Sodium  ,,,,,,,,,,,,,,
Cefotaxime Sodium  ,,,,,,,,,,,,,,
Cefotaxime Sodium  ,,,,,,,,,,,,,,
Cefotaxime Sodium  ,,,,,,,,,,,,,,
Cefotaxime Sodium  ,,,,,,,,,,,,,,
Cefotaxime Sodium  ,,,,,,,,,,,,,,
Cefotaxime Sodium  ,,,,,,,,,,,,,,
Cefotaxime Sodium  ,,,,,,,,,,,,,,
Cefotaxime Sodium  ,,,,,,,,,,,,,,
Cefotaxime Sodium  ,,,,,,,,,,,,,,
Cefpodoxime Proxetil  ,,,,,,,,,,,,,,
Cefpodoxime Proxetil  ,,,,,,,,,,,,,,
Cefpodoxime Proxetil  ,,,,,,,,,,,,,,
Cefpodoxime Proxetil  ,,,,,,,,,,,,,,
Cefpodoxime Proxetil  ,,,,,,,,,,,,,,
Cefpodoxime   ,,,,,,,,,,,,,,
Cefpodoxime   ,,,,,,,,,,,,,,
Cefpodoxime   ,,,,,,,,,,,,,,
Cefpodoxime   ,,,,,,,,,,,,,,
Cefpodoxime   ,,,,,,,,,,,,,,
Ceftazidime   ,,,,,,,,,,,,,,
Ceftazidime   ,,,,,,,,,,,,,,
Ceftazidime   ,,,,,,,,,,,,,,
Ceftazidime   ,,,,,,,,,,,,,,
Ceftazidime   ,,,,,,,,,,,,,,
Ceftazidime   ,,,,,,,,,,,,,,
Ceftazidime   ,,,,,,,,,,,,,,
Ceftazidime   ,,,,,,,,,,,,,,
Ceftazidime   ,,,,,,,,,,,,,,
Ceftazidime   ,,,,,,,,,,,,,,
Ceftazidime   ,,,,,,,,,,,,,,
Ceftazidime   ,,,,,,,,,,,,,,
Ceftazidime   ,,,,,,,,,,,,,,
Ceftazidime   ,,,,,,,,,,,,,,
Ceftazidime   ,,,,,,,,,,,,,,
Teneligliptin Metformin Hydrochloride Pioglitazone ,,,,,,,,,,,,,,
Teneligliptin Metformin Hydrochloride Pioglitazone ,,,,,,,,,,,,,,
Teneligliptin Metformin Hydrochloride Pioglitazone ,,,,,,,,,,,,,,
Teneligliptin Metformin Hydrochloride Pioglitazone ,,,,,,,,,,,,,,
Teneligliptin Metformin Hydrochloride Pioglitazone ,,,,,,,,,,,,,,
Vildagliptin Dapagliflozin  ,,,,,,,,,,,,,,
Vildagliptin Dapagliflozin  ,,,,,,,,,,,,,,
Vildagliptin Dapagliflozin  ,,,,,,,,,,,,,,
Vildagliptin Dapagliflozin  ,,,,,,,,,,,,,,
Vildagliptin Dapagliflozin  ,,,,,,,,,,,,,,
Sitagliptin Glimepiride Metformin Hydrochloride ,,,,,,,,,,,,,,
Sitagliptin Glimepiride Metformin Hydrochloride ,,,,,,,,,,,,,,
Sitagliptin Glimepiride Metformin Hydrochloride ,,,,,,,,,,,,,,
Sitagliptin Glimepiride Metformin Hydrochloride ,,,,,,,,,,,,,,
Sitagliptin Glimepiride Metformin Hydrochloride ,,,,,,,,,,,,,,
Sitagliptin Glimepiride Metformin Hydrochloride ,,,,,,,,,,,,,,
Sitagliptin Glimepiride Metformin Hydrochloride ,,,,,,,,,,,,,,
Sitagliptin Glimepiride Metformin Hydrochloride ,,,,,,,,,,,,,,
Sitagliptin Glimepiride Metformin Hydrochloride ,,,,,,,,,,,,,,
Sitagliptin Glimepiride Metformin Hydrochloride ,,,,,,,,,,,,,,
Teneligliptin Dapagliflozin Metformin Hydrochloride ,,,,,,,,,,,,,,
Teneligliptin Dapagliflozin Metformin Hydrochloride ,,,,,,,,,,,,,,
Teneligliptin Dapagliflozin Metformin Hydrochloride ,,,,,,,,,,,,,,
Teneligliptin Dapagliflozin Metformin Hydrochloride ,,,,,,,,,,,,,,
Teneligliptin Dapagliflozin Metformin Hydrochloride ,,,,,,,,,,,,,,
Teneligliptin Dapagliflozin Metformin Hydrochloride ,,,,,,,,,,,,,,
Teneligliptin Dapagliflozin Metformin Hydrochloride ,,,,,,,,,,,,,,
Teneligliptin Dapagliflozin Metformin Hydrochloride ,,,,,,,,,,,,,,
Teneligliptin Dapagliflozin Metformin Hydrochloride ,,,,,,,,,,,,,,
Teneligliptin Dapagliflozin Metformin Hydrochloride ,,,,,,,,,,,,,,
Vildagliptin Metformin Hydrochloride  ,,,,,,,,,,,,,,
Vildagliptin Metformin Hydrochloride  ,,,,,,,,,,,,,,
Vildagliptin Metformin Hydrochloride  ,,,,,,,,,,,,,,
Vildagliptin Metformin Hydrochloride  ,,,,,,,,,,,,,,
Vildagliptin Metformin Hydrochloride  ,,,,,,,,,,,,,,
Vildagliptin Metformin Hydrochloride  ,,,,,,,,,,,,,,
Vildagliptin Metformin Hydrochloride  ,,,,,,,,,,,,,,
Vildagliptin Metformin Hydrochloride  ,,,,,,,,,,,,,,
Vildagliptin Metformin Hydrochloride  ,,,,,,,,,,,,,,
Vildagliptin Metformin Hydrochloride  ,,,,,,,,,,,,,,
Vildagliptin Metformin Hydrochloride  ,,,,,,,,,,,,,,
Vildagliptin Metformin Hydrochloride  ,,,,,,,,,,,,,,
Vildagliptin Metformin Hydrochloride  ,,,,,,,,,,,,,,
Vildagliptin Metformin Hydrochloride  ,,,,,,,,,,,,,,
Vildagliptin Metformin Hydrochloride  ,,,,,,,,,,,,,,
Vildagliptin Metformin Hydrochloride  ,,,,,,,,,,,,,,
Vildagliptin Metformin Hydrochloride  ,,,,,,,,,,,,,,
Vildagliptin Metformin Hydrochloride  ,,,,,,,,,,,,,,
Vildagliptin Metformin Hydrochloride  ,,,,,,,,,,,,,,
Vildagliptin Metformin Hydrochloride  ,,,,,,,,,,,,,,
Teneligliptin Metformin Hydrochloride Pioglitazone ,,,,,,,,,,,,,,
Teneligliptin Metformin Hydrochloride Pioglitazone ,,,,,,,,,,,,,,
Teneligliptin Metformin Hydrochloride Pioglitazone ,,,,,,,,,,,,,,
Teneligliptin Metformin Hydrochloride Pioglitazone ,,,,,,,,,,,,,,
Teneligliptin Metformin Hydrochloride Pioglitazone ,,,,,,,,,,,,,,
Gliclazide Metformin Hydrochloride ,,,,,,,,,,,,,,
Gliclazide Metformin Hydrochloride ,,,,,,,,,,,,,,
Gliclazide Metformin Hydrochloride ,,,,,,,,,,,,,,
Gliclazide Metformin Hydrochloride ,,,,,,,,,,,,,,
Gliclazide Metformin Hydrochloride ,,,,,,,,,,,,,,
Dapagliflozin Vildagliptin SR Metformin Hydrochloride SR ,,,,,,,,,,,,,,
Dapagliflozin Vildagliptin SR Metformin Hydrochloride SR ,,,,,,,,,,,,,,
Dapagliflozin Vildagliptin SR Metformin Hydrochloride SR ,,,,,,,,,,,,,,
Dapagliflozin Vildagliptin SR Metformin Hydrochloride SR ,,,,,,,,,,,,,,
Dapagliflozin Vildagliptin SR Metformin Hydrochloride SR ,,,,,,,,,,,,,,
Dapagliflozin Vildagliptin SR Metformin Hydrochloride SR ,,,,,,,,,,,,,,
Dapagliflozin Vildagliptin SR Metformin Hydrochloride SR ,,,,,,,,,,,,,,
Dapagliflozin Vildagliptin SR Metformin Hydrochloride SR ,,,,,,,,,,,,,,
Dapagliflozin Vildagliptin SR Metformin Hydrochloride SR ,,,,,,,,,,,,,,
Dapagliflozin Vildagliptin SR Metformin Hydrochloride SR ,,,,,,,,,,,,,,
Linagliptin Metformin Hydrochloride  ,,,,,,,,,,,,,,
Linagliptin Metformin Hydrochloride  ,,,,,,,,,,,,,,
Linagliptin Metformin Hydrochloride  ,,,,,,,,,,,,,,
Linagliptin Metformin Hydrochloride  ,,,,,,,,,,,,,,
Linagliptin Metformin Hydrochloride  ,,,,,,,,,,,,,,
Metformin Hydrochloride  ,,,,,,,,,,,,,,
Metformin Hydrochloride  ,,,,,,,,,,,,,,
Metformin Hydrochloride  ,,,,,,,,,,,,,,
Metformin Hydrochloride  ,,,,,,,,,,,,,,
Metformin Hydrochloride  ,,,,,,,,,,,,,,
Sitagliptin Metformin  ,,,,,,,,,,,,,,
Sitagliptin Metformin  ,,,,,,,,,,,,,,
Sitagliptin Metformin  ,,,,,,,,,,,,,,
Sitagliptin Metformin  ,,,,,,,,,,,,,,
Sitagliptin Metformin  ,,,,,,,,,,,,,,
Sitagliptin Metformin  ,,,,,,,,,,,,,,
Sitagliptin Metformin  ,,,,,,,,,,,,,,
Sitagliptin Metformin  ,,,,,,,,,,,,,,
Sitagliptin Metformin  ,,,,,,,,,,,,,,
Sitagliptin Metformin  ,,,,,,,,,,,,,,
Teneligliptin Pioglitazone  ,,,,,,,,,,,,,,
Teneligliptin Pioglitazone  ,,,,,,,,,,,,,,
Teneligliptin Pioglitazone  ,,,,,,,,,,,,,,
Teneligliptin Pioglitazone  ,,,,,,,,,,,,,,
Teneligliptin Pioglitazone  ,,,,,,,,,,,,,,
Vildaglipitin   ,,,,,,,,,,,,,,
Vildaglipitin   ,,,,,,,,,,,,,,
Vildaglipitin   ,,,,,,,,,,,,,,
Vildaglipitin   ,,,,,,,,,,,,,,
Vildaglipitin   ,,,,,,,,,,,,,,
Remogliflozin Etabonate Teneligliptin  ,,,,,,,,,,,,,,
Remogliflozin Etabonate Teneligliptin  ,,,,,,,,,,,,,,
Remogliflozin Etabonate Teneligliptin  ,,,,,,,,,,,,,,
Remogliflozin Etabonate Teneligliptin  ,,,,,,,,,,,,,,
Remogliflozin Etabonate Teneligliptin  ,,,,,,,,,,,,,,
Remogliflozin Etabonate Vildagliptin Metformin Hydrochloride ,,,,,,,,,,,,,,
Remogliflozin Etabonate Vildagliptin Metformin Hydrochloride ,,,,,,,,,,,,,,
Remogliflozin Etabonate Vildagliptin Metformin Hydrochloride ,,,,,,,,,,,,,,
Remogliflozin Etabonate Vildagliptin Metformin Hydrochloride ,,,,,,,,,,,,,,
Remogliflozin Etabonate Vildagliptin Metformin Hydrochloride ,,,,,,,,,,,,,,
Repaglinide Voglibose  ,,,,,,,,,,,,,,
Repaglinide Voglibose  ,,,,,,,,,,,,,,
Repaglinide Voglibose  ,,,,,,,,,,,,,,
Repaglinide Voglibose  ,,,,,,,,,,,,,,
Repaglinide Voglibose  ,,,,,,,,,,,,,,
Repaglinide Voglibose  ,,,,,,,,,,,,,,
Repaglinide Voglibose  ,,,,,,,,,,,,,,
Repaglinide Voglibose  ,,,,,,,,,,,,,,
Repaglinide Voglibose  ,,,,,,,,,,,,,,
Repaglinide Voglibose  ,,,,,,,,,,,,,,
Repaglinide Voglibose  ,,,,,,,,,,,,,,
Repaglinide Voglibose  ,,,,,,,,,,,,,,
Repaglinide Voglibose  ,,,,,,,,,,,,,,
Repaglinide Voglibose  ,,,,,,,,,,,,,,
Repaglinide Voglibose  ,,,,,,,,,,,,,,
Repaglinide Voglibose  ,,,,,,,,,,,,,,
Repaglinide Voglibose  ,,,,,,,,,,,,,,
Repaglinide Voglibose  ,,,,,,,,,,,,,,
Repaglinide Voglibose  ,,,,,,,,,,,,,,
Repaglinide Voglibose  ,,,,,,,,,,,,,,
Teneligliptin Dapagliflozin  ,,,,,,,,,,,,,,
Teneligliptin Dapagliflozin  ,,,,,,,,,,,,,,
Teneligliptin Dapagliflozin  ,,,,,,,,,,,,,,
Teneligliptin Dapagliflozin  ,,,,,,,,,,,,,,
Teneligliptin Dapagliflozin  ,,,,,,,,,,,,,,
Teneligliptin Dapagliflozin  ,,,,,,,,,,,,,,
Teneligliptin Dapagliflozin  ,,,,,,,,,,,,,,
Teneligliptin Dapagliflozin  ,,,,,,,,,,,,,,
Teneligliptin Dapagliflozin  ,,,,,,,,,,,,,,
Teneligliptin Dapagliflozin  ,,,,,,,,,,,,,,
Dapagliflozin Vildagliptin   ,,,,,,,,,,,,,,
Dapagliflozin Vildagliptin   ,,,,,,,,,,,,,,
Dapagliflozin Vildagliptin   ,,,,,,,,,,,,,,
Dapagliflozin Vildagliptin   ,,,,,,,,,,,,,,
Dapagliflozin Vildagliptin   ,,,,,,,,,,,,,,
Dapagliflozin Vildagliptin   ,,,,,,,,,,,,,,
Dapagliflozin Vildagliptin   ,,,,,,,,,,,,,,
Dapagliflozin Vildagliptin   ,,,,,,,,,,,,,,
Dapagliflozin Vildagliptin   ,,,,,,,,,,,,,,
Dapagliflozin Vildagliptin   ,,,,,,,,,,,,,,
Dapagliflozin Metformin Hydrochloride  ,,,,,,,,,,,,,,
Dapagliflozin Metformin Hydrochloride  ,,,,,,,,,,,,,,
Dapagliflozin Metformin Hydrochloride  ,,,,,,,,,,,,,,
Dapagliflozin Metformin Hydrochloride  ,,,,,,,,,,,,,,
Dapagliflozin Metformin Hydrochloride  ,,,,,,,,,,,,,,
Dapagliflozin Sitagliptin  ,,,,,,,,,,,,,,
Dapagliflozin Sitagliptin  ,,,,,,,,,,,,,,
Dapagliflozin Sitagliptin  ,,,,,,,,,,,,,,
Dapagliflozin Sitagliptin  ,,,,,,,,,,,,,,
Dapagliflozin Sitagliptin  ,,,,,,,,,,,,,,
Dapagliflozin Sitagliptin Metformin Hydrochloride ,,,,,,,,,,,,,,
Dapagliflozin Sitagliptin Metformin Hydrochloride ,,,,,,,,,,,,,,
Dapagliflozin Sitagliptin Metformin Hydrochloride ,,,,,,,,,,,,,,
Dapagliflozin Sitagliptin Metformin Hydrochloride ,,,,,,,,,,,,,,
Dapagliflozin Sitagliptin Metformin Hydrochloride ,,,,,,,,,,,,,,
Dapagliflozin Sitagliptin Metformin Hydrochloride ,,,,,,,,,,,,,,
Dapagliflozin Sitagliptin Metformin Hydrochloride ,,,,,,,,,,,,,,
Dapagliflozin Sitagliptin Metformin Hydrochloride ,,,,,,,,,,,,,,
Dapagliflozin Sitagliptin Metformin Hydrochloride ,,,,,,,,,,,,,,
Dapagliflozin Sitagliptin Metformin Hydrochloride ,,,,,,,,,,,,,,
Dapagliflozin Metformin Hydrochloride  ,,,,,,,,,,,,,,
Dapagliflozin Metformin Hydrochloride  ,,,,,,,,,,,,,,
Dapagliflozin Metformin Hydrochloride  ,,,,,,,,,,,,,,
Dapagliflozin Metformin Hydrochloride  ,,,,,,,,,,,,,,
Dapagliflozin Metformin Hydrochloride  ,,,,,,,,,,,,,,
Dapagliflozin Sitagliptin  ,,,,,,,,,,,,,,
Dapagliflozin Sitagliptin  ,,,,,,,,,,,,,,
Dapagliflozin Sitagliptin  ,,,,,,,,,,,,,,
Dapagliflozin Sitagliptin  ,,,,,,,,,,,,,,
Dapagliflozin Sitagliptin  ,,,,,,,,,,,,,,
Lobeglitazone Sulfate  ,,,,,,,,,,,,,,
Lobeglitazone Sulfate  ,,,,,,,,,,,,,,
Lobeglitazone Sulfate  ,,,,,,,,,,,,,,
Lobeglitazone Sulfate  ,,,,,,,,,,,,,,
Lobeglitazone Sulfate  ,,,,,,,,,,,,,,
Sitagliptin Metformin  ,,,,,,,,,,,,,,
Sitagliptin Metformin  ,,,,,,,,,,,,,,
Sitagliptin Metformin  ,,,,,,,,,,,,,,
Sitagliptin Metformin  ,,,,,,,,,,,,,,
Sitagliptin Metformin  ,,,,,,,,,,,,,,
Linagliptin Dapagliflozin  ,,,,,,,,,,,,,,
Linagliptin Dapagliflozin  ,,,,,,,,,,,,,,
Linagliptin Dapagliflozin  ,,,,,,,,,,,,,,
Linagliptin Dapagliflozin  ,,,,,,,,,,,,,,
Linagliptin Dapagliflozin  ,,,,,,,,,,,,,,
Imeglimin Hydrochloride  ,,,,,,,,,,,,,,
Imeglimin Hydrochloride  ,,,,,,,,,,,,,,
Imeglimin Hydrochloride  ,,,,,,,,,,,,,,
Imeglimin Hydrochloride  ,,,,,,,,,,,,,,
Imeglimin Hydrochloride  ,,,,,,,,,,,,,,
Evogliptin Metformin Hydrochloride  ,,,,,,,,,,,,,,
Evogliptin Metformin Hydrochloride  ,,,,,,,,,,,,,,
Evogliptin Metformin Hydrochloride  ,,,,,,,,,,,,,,
Evogliptin Metformin Hydrochloride  ,,,,,,,,,,,,,,
Evogliptin Metformin Hydrochloride  ,,,,,,,,,,,,,,
Amoxil   ,,,,,,,,,,,,,,
Clavam   ,,,,,,,,,,,,,,
Amoxicla   ,,,,,,,,,,,,,,
Lactoclaav   ,,,,,,,,,,,,,,
Nodimox Plus  ,,,,,,,,,,,,,,
Cefrine   ,,,,,,,,,,,,,,
Avonir   ,,,,,,,,,,,,,,
Sefdin   ,,,,,,,,,,,,,,
Sefdin   ,,,,,,,,,,,,,,
Dinitag   ,,,,,,,,,,,,,,
Keflor   ,,,,,,,,,,,,,,
Cefolac   ,,,,,,,,,,,,,,
Kefwin Of  ,,,,,,,,,,,,,,
Phexin Of  ,,,,,,,,,,,,,,
Cefdryl   ,,,,,,,,,,,,,,
Teneligliptin Metformin Hydrochloride Pioglitazone ,,,,,,,,,,,,,,
Teneligliptin Metformin Hydrochloride Pioglitazone ,,,,,,,,,,,,,,
Teneligliptin Metformin Hydrochloride Pioglitazone ,,,,,,,,,,,,,,
Teneligliptin Metformin Hydrochloride Pioglitazone ,,,,,,,,,,,,,,
Teneligliptin Metformin Hydrochloride Pioglitazone ,,,,,,,,,,,,,,
Vildagliptin Dapagliflozin  ,,,,,,,,,,,,,,
Vildagliptin Dapagliflozin  ,,,,,,,,,,,,,,
Vildagliptin Dapagliflozin  ,,,,,,,,,,,,,,
Vildagliptin Dapagliflozin  ,,,,,,,,,,,,,,
Vildagliptin Dapagliflozin  ,,,,,,,,,,,,,,
Sitagliptin Glimepiride Metformin Hydrochloride ,,,,,,,,,,,,,,
Sitagliptin Glimepiride Metformin Hydrochloride ,,,,,,,,,,,,,,
Sitagliptin Glimepiride Metformin Hydrochloride ,,,,,,,,,,,,,,
Sitagliptin Glimepiride Metformin Hydrochloride ,,,,,,,,,,,,,,
Sitagliptin Glimepiride Metformin Hydrochloride ,,,,,,,,,,,,,,
Sitagliptin Glimepiride Metformin Hydrochloride ,,,,,,,,,,,,,,
Sitagliptin Glimepiride Metformin Hydrochloride ,,,,,,,,,,,,,,
Sitagliptin Glimepiride Metformin Hydrochloride ,,,,,,,,,,,,,,
Sitagliptin Glimepiride Metformin Hydrochloride ,,,,,,,,,,,,,,
Sitagliptin Glimepiride Metformin Hydrochloride ,,,,,,,,,,,,,,
Teneligliptin Dapagliflozin Metformin Hydrochloride ,,,,,,,,,,,,,,
Teneligliptin Dapagliflozin Metformin Hydrochloride ,,,,,,,,,,,,,,
Teneligliptin Dapagliflozin Metformin Hydrochloride ,,,,,,,,,,,,,,
Teneligliptin Dapagliflozin Metformin Hydrochloride ,,,,,,,,,,,,,,
Teneligliptin Dapagliflozin Metformin Hydrochloride ,,,,,,,,,,,,,,
Teneligliptin Dapagliflozin Metformin Hydrochloride ,,,,,,,,,,,,,,
Teneligliptin Dapagliflozin Metformin Hydrochloride ,,,,,,,,,,,,,,
Teneligliptin Dapagliflozin Metformin Hydrochloride ,,,,,,,,,,,,,,
Teneligliptin Dapagliflozin Metformin Hydrochloride ,,,,,,,,,,,,,,
Teneligliptin Dapagliflozin Metformin Hydrochloride ,,,,,,,,,,,,,,
Vildagliptin Metformin Hydrochloride  ,,,,,,,,,,,,,,
Vildagliptin Metformin Hydrochloride  ,,,,,,,,,,,,,,
Vildagliptin Metformin Hydrochloride  ,,,,,,,,,,,,,,
Vildagliptin Metformin Hydrochloride  ,,,,,,,,,,,,,,
Vildagliptin Metformin Hydrochloride  ,,,,,,,,,,,,,,
Vildagliptin Metformin Hydrochloride  ,,,,,,,,,,,,,,
Vildagliptin Metformin Hydrochloride  ,,,,,,,,,,,,,,
Vildagliptin Metformin Hydrochloride  ,,,,,,,,,,,,,,
Vildagliptin Metformin Hydrochloride  ,,,,,,,,,,,,,,
Vildagliptin Metformin Hydrochloride  ,,,,,,,,,,,,,,
Vildagliptin Metformin Hydrochloride  ,,,,,,,,,,,,,,
Vildagliptin Metformin Hydrochloride  ,,,,,,,,,,,,,,
Vildagliptin Metformin Hydrochloride  ,,,,,,,,,,,,,,
Vildagliptin Metformin Hydrochloride  ,,,,,,,,,,,,,,
Vildagliptin Metformin Hydrochloride  ,,,,,,,,,,,,,,
Vildagliptin Metformin Hydrochloride  ,,,,,,,,,,,,,,
Vildagliptin Metformin Hydrochloride  ,,,,,,,,,,,,,,
Vildagliptin Metformin Hydrochloride  ,,,,,,,,,,,,,,
Vildagliptin Metformin Hydrochloride  ,,,,,,,,,,,,,,
Vildagliptin Metformin Hydrochloride  ,,,,,,,,,,,,,,
Teneligliptin Metformin Hydrochloride Pioglitazone ,,,,,,,,,,,,,,
Teneligliptin Metformin Hydrochloride Pioglitazone ,,,,,,,,,,,,,,
Teneligliptin Metformin Hydrochloride Pioglitazone ,,,,,,,,,,,,,,
Teneligliptin Metformin Hydrochloride Pioglitazone ,,,,,,,,,,,,,,
Teneligliptin Metformin Hydrochloride Pioglitazone ,,,,,,,,,,,,,,
Gliclazide Metformin Hydrochloride ,,,,,,,,,,,,,,
Gliclazide Metformin Hydrochloride ,,,,,,,,,,,,,,
Gliclazide Metformin Hydrochloride ,,,,,,,,,,,,,,
Gliclazide Metformin Hydrochloride ,,,,,,,,,,,,,,
Gliclazide Metformin Hydrochloride ,,,,,,,,,,,,,,
Dapagliflozin Vildagliptin SR Metformin Hydrochloride SR ,,,,,,,,,,,,,,
Dapagliflozin Vildagliptin SR Metformin Hydrochloride SR ,,,,,,,,,,,,,,
Dapagliflozin Vildagliptin SR Metformin Hydrochloride SR ,,,,,,,,,,,,,,
Dapagliflozin Vildagliptin SR Metformin Hydrochloride SR ,,,,,,,,,,,,,,
Dapagliflozin Vildagliptin SR Metformin Hydrochloride SR ,,,,,,,,,,,,,,
Dapagliflozin Vildagliptin SR Metformin Hydrochloride SR ,,,,,,,,,,,,,,
Dapagliflozin Vildagliptin SR Metformin Hydrochloride SR ,,,,,,,,,,,,,,
Dapagliflozin Vildagliptin SR Metformin Hydrochloride SR ,,,,,,,,,,,,,,
Dapagliflozin Vildagliptin SR Metformin Hydrochloride SR ,,,,,,,,,,,,,,
Dapagliflozin Vildagliptin SR Metformin Hydrochloride SR ,,,,,,,,,,,,,,
Linagliptin Metformin Hydrochloride  ,,,,,,,,,,,,,,
Linagliptin Metformin Hydrochloride  ,,,,,,,,,,,,,,
Linagliptin Metformin Hydrochloride  ,,,,,,,,,,,,,,
Linagliptin Metformin Hydrochloride  ,,,,,,,,,,,,,,
Linagliptin Metformin Hydrochloride  ,,,,,,,,,,,,,,
Metformin Hydrochloride  ,,,,,,,,,,,,,,
Metformin Hydrochloride  ,,,,,,,,,,,,,,
Metformin Hydrochloride  ,,,,,,,,,,,,,,
Metformin Hydrochloride  ,,,,,,,,,,,,,,
Metformin Hydrochloride  ,,,,,,,,,,,,,,
Sitagliptin Metformin  ,,,,,,,,,,,,,,
Sitagliptin Metformin  ,,,,,,,,,,,,,,
Sitagliptin Metformin  ,,,,,,,,,,,,,,
Sitagliptin Metformin  ,,,,,,,,,,,,,,
Sitagliptin Metformin  ,,,,,,,,,,,,,,
Sitagliptin Metformin  ,,,,,,,,,,,,,,
Sitagliptin Metformin  ,,,,,,,,,,,,,,
Sitagliptin Metformin  ,,,,,,,,,,,,,,
Sitagliptin Metformin  ,,,,,,,,,,,,,,
Sitagliptin Metformin  ,,,,,,,,,,,,,,
Teneligliptin Pioglitazone  ,,,,,,,,,,,,,,
Teneligliptin Pioglitazone  ,,,,,,,,,,,,,,
Teneligliptin Pioglitazone  ,,,,,,,,,,,,,,
Teneligliptin Pioglitazone  ,,,,,,,,,,,,,,
Teneligliptin Pioglitazone  ,,,,,,,,,,,,,,
Vildaglipitin   ,,,,,,,,,,,,,,
Vildaglipitin   ,,,,,,,,,,,,,,
Vildaglipitin   ,,,,,,,,,,,,,,
Vildaglipitin   ,,,,,,,,,,,,,,
Vildaglipitin   ,,,,,,,,,,,,,,
Remogliflozin Etabonate Teneligliptin  ,,,,,,,,,,,,,,
Remogliflozin Etabonate Teneligliptin  ,,,,,,,,,,,,,,
Remogliflozin Etabonate Teneligliptin  ,,,,,,,,,,,,,,
Remogliflozin Etabonate Teneligliptin  ,,,,,,,,,,,,,,
Remogliflozin Etabonate Teneligliptin  ,,,,,,,,,,,,,,
Remogliflozin Etabonate Vildagliptin Metformin Hydrochloride ,,,,,,,,,,,,,,
Remogliflozin Etabonate Vildagliptin Metformin Hydrochloride ,,,,,,,,,,,,,,
Remogliflozin Etabonate Vildagliptin Metformin Hydrochloride ,,,,,,,,,,,,,,
Remogliflozin Etabonate Vildagliptin Metformin Hydrochloride ,,,,,,,,,,,,,,
Remogliflozin Etabonate Vildagliptin Metformin Hydrochloride ,,,,,,,,,,,,,,
Repaglinide Voglibose  ,,,,,,,,,,,,,,
Repaglinide Voglibose  ,,,,,,,,,,,,,,
Repaglinide Voglibose  ,,,,,,,,,,,,,,
Repaglinide Voglibose  ,,,,,,,,,,,,,,
Repaglinide Voglibose  ,,,,,,,,,,,,,,
Repaglinide Voglibose  ,,,,,,,,,,,,,,
Repaglinide Voglibose  ,,,,,,,,,,,,,,
Repaglinide Voglibose  ,,,,,,,,,,,,,,
Repaglinide Voglibose  ,,,,,,,,,,,,,,
Repaglinide Voglibose  ,,,,,,,,,,,,,,
Repaglinide Voglibose  ,,,,,,,,,,,,,,
Repaglinide Voglibose  ,,,,,,,,,,,,,,
Repaglinide Voglibose  ,,,,,,,,,,,,,,
Repaglinide Voglibose  ,,,,,,,,,,,,,,
Repaglinide Voglibose  ,,,,,,,,,,,,,,
Repaglinide Voglibose  ,,,,,,,,,,,,,,
Repaglinide Voglibose  ,,,,,,,,,,,,,,
Repaglinide Voglibose  ,,,,,,,,,,,,,,
Repaglinide Voglibose  ,,,,,,,,,,,,,,
Repaglinide Voglibose  ,,,,,,,,,,,,,,
Teneligliptin Dapagliflozin  ,,,,,,,,,,,,,,
Teneligliptin Dapagliflozin  ,,,,,,,,,,,,,,
Teneligliptin Dapagliflozin  ,,,,,,,,,,,,,,
Teneligliptin Dapagliflozin  ,,,,,,,,,,,,,,
Teneligliptin Dapagliflozin  ,,,,,,,,,,,,,,
Teneligliptin Dapagliflozin  ,,,,,,,,,,,,,,
Teneligliptin Dapagliflozin  ,,,,,,,,,,,,,,
Teneligliptin Dapagliflozin  ,,,,,,,,,,,,,,
Teneligliptin Dapagliflozin  ,,,,,,,,,,,,,,
Teneligliptin Dapagliflozin  ,,,,,,,,,,,,,,
Dapagliflozin Vildagliptin   ,,,,,,,,,,,,,,
Dapagliflozin Vildagliptin   ,,,,,,,,,,,,,,
Dapagliflozin Vildagliptin   ,,,,,,,,,,,,,,
Dapagliflozin Vildagliptin   ,,,,,,,,,,,,,,
Dapagliflozin Vildagliptin   ,,,,,,,,,,,,,,
Dapagliflozin Vildagliptin   ,,,,,,,,,,,,,,
Dapagliflozin Vildagliptin   ,,,,,,,,,,,,,,
Dapagliflozin Vildagliptin   ,,,,,,,,,,,,,,
Dapagliflozin Vildagliptin   ,,,,,,,,,,,,,,
Dapagliflozin Vildagliptin   ,,,,,,,,,,,,,,
Dapagliflozin Metformin Hydrochloride  ,,,,,,,,,,,,,,
Dapagliflozin Metformin Hydrochloride  ,,,,,,,,,,,,,,
Dapagliflozin Metformin Hydrochloride  ,,,,,,,,,,,,,,
Dapagliflozin Metformin Hydrochloride  ,,,,,,,,,,,,,,
Dapagliflozin Metformin Hydrochloride  ,,,,,,,,,,,,,,
Dapagliflozin Sitagliptin  ,,,,,,,,,,,,,,
Dapagliflozin Sitagliptin  ,,,,,,,,,,,,,,
Dapagliflozin Sitagliptin  ,,,,,,,,,,,,,,
Dapagliflozin Sitagliptin  ,,,,,,,,,,,,,,
Dapagliflozin Sitagliptin  ,,,,,,,,,,,,,,
Dapagliflozin Sitagliptin Metformin Hydrochloride ,,,,,,,,,,,,,,
Dapagliflozin Sitagliptin Metformin Hydrochloride ,,,,,,,,,,,,,,
Dapagliflozin Sitagliptin Metformin Hydrochloride ,,,,,,,,,,,,,,
Dapagliflozin Sitagliptin Metformin Hydrochloride ,,,,,,,,,,,,,,
Dapagliflozin Sitagliptin Metformin Hydrochloride ,,,,,,,,,,,,,,
Dapagliflozin Sitagliptin Metformin Hydrochloride ,,,,,,,,,,,,,,
Dapagliflozin Sitagliptin Metformin Hydrochloride ,,,,,,,,,,,,,,
Dapagliflozin Sitagliptin Metformin Hydrochloride ,,,,,,,,,,,,,,
Dapagliflozin Sitagliptin Metformin Hydrochloride ,,,,,,,,,,,,,,
Dapagliflozin Sitagliptin Metformin Hydrochloride ,,,,,,,,,,,,,,
Dapagliflozin Metformin Hydrochloride  ,,,,,,,,,,,,,,
Dapagliflozin Metformin Hydrochloride  ,,,,,,,,,,,,,,
Dapagliflozin Metformin Hydrochloride  ,,,,,,,,,,,,,,
Dapagliflozin Metformin Hydrochloride  ,,,,,,,,,,,,,,
Dapagliflozin Metformin Hydrochloride  ,,,,,,,,,,,,,,
Dapagliflozin Sitagliptin  ,,,,,,,,,,,,,,
Dapagliflozin Sitagliptin  ,,,,,,,,,,,,,,
Dapagliflozin Sitagliptin  ,,,,,,,,,,,,,,
Dapagliflozin Sitagliptin  ,,,,,,,,,,,,,,
Dapagliflozin Sitagliptin  ,,,,,,,,,,,,,,
Lobeglitazone Sulfate  ,,,,,,,,,,,,,,
Lobeglitazone Sulfate  ,,,,,,,,,,,,,,
Lobeglitazone Sulfate  ,,,,,,,,,,,,,,
Lobeglitazone Sulfate  ,,,,,,,,,,,,,,
Lobeglitazone Sulfate  ,,,,,,,,,,,,,,
Sitagliptin Metformin  ,,,,,,,,,,,,,,
Sitagliptin Metformin  ,,,,,,,,,,,,,,
Sitagliptin Metformin  ,,,,,,,,,,,,,,
Sitagliptin Metformin  ,,,,,,,,,,,,,,
Sitagliptin Metformin  ,,,,,,,,,,,,,,
Linagliptin Dapagliflozin  ,,,,,,,,,,,,,,
Linagliptin Dapagliflozin  ,,,,,,,,,,,,,,
Linagliptin Dapagliflozin  ,,,,,,,,,,,,,,
Linagliptin Dapagliflozin  ,,,,,,,,,,,,,,
Linagliptin Dapagliflozin  ,,,,,,,,,,,,,,
Imeglimin Hydrochloride  ,,,,,,,,,,,,,,
Imeglimin Hydrochloride  ,,,,,,,,,,,,,,
Imeglimin Hydrochloride  ,,,,,,,,,,,,,,
Imeglimin Hydrochloride  ,,,,,,,,,,,,,,
Imeglimin Hydrochloride  ,,,,,,,,,,,,,,
Evogliptin Metformin Hydrochloride  ,,,,,,,,,,,,,,
Evogliptin Metformin Hydrochloride  ,,,,,,,,,,,,,,
Evogliptin Metformin Hydrochloride  ,,,,,,,,,,,,,,
Evogliptin Metformin Hydrochloride  ,,,,,,,,,,,,,,
Evogliptin Metformin Hydrochloride  ,,,,,,,,,,,,,,
"Rabies Vaccine, Human  ",,,,,,,,,,,,,,
"Rabies Vaccine, Human  ",,,,,,,,,,,,,,
"Rabies Vaccine, Human  ",,,,,,,,,,,,,,
"Rabies Vaccine, Human  ",,,,,,,,,,,,,,
"Rabies Vaccine, Human  ",,,,,,,,,,,,,,
Efavirenz   ,,,,,,,,,,,,,,
Efavirenz   ,,,,,,,,,,,,,,
Efavirenz   ,,,,,,,,,,,,,,
Efavirenz   ,,,,,,,,,,,,,,
Tenofovir Disoproxil Fumarate  ,,,,,,,,,,,,,,
Tenofovir Disoproxil Fumarate  ,,,,,,,,,,,,,,
Tenofovir Disoproxil Fumarate  ,,,,,,,,,,,,,,
Tenofovir Disoproxil Fumarate  ,,,,,,,,,,,,,,
Tenofovir Disoproxil Fumarate  ,,,,,,,,,,,,,,
Efavirenz Emtricitabine Tenofovir Disoproxil Fumarate ,,,,,,,,,,,,,,
Efavirenz Emtricitabine Tenofovir Disoproxil Fumarate ,,,,,,,,,,,,,,
Emtricitabine Tenofovir Disoproxil Fumarate ,,,,,,,,,,,,,,
Emtricitabine Tenofovir Disoproxil Fumarate ,,,,,,,,,,,,,,
Abacavir Dolutegravir Lamivudine ,,,,,,,,,,,,,,
Abacavir Dolutegravir Lamivudine ,,,,,,,,,,,,,,
Abacavir Dolutegravir Lamivudine ,,,,,,,,,,,,,,
Abacavir Dolutegravir Lamivudine ,,,,,,,,,,,,,,
Abacavir Lamivudine  ,,,,,,,,,,,,,,
Abacavir Lamivudine  ,,,,,,,,,,,,,,
Abacavir Lamivudine  ,,,,,,,,,,,,,,
Atazanavir Ritonavir  ,,,,,,,,,,,,,,
Atazanavir Ritonavir  ,,,,,,,,,,,,,,
Atazanavir Ritonavir  ,,,,,,,,,,,,,,
Dolutegravir   ,,,,,,,,,,,,,,
Dolutegravir   ,,,,,,,,,,,,,,
Thyroxine Sodium  ,,,,,,,,,,,,,,
Thyroxine Sodium  ,,,,,,,,,,,,,,
Thyroxine Sodium  ,,,,,,,,,,,,,,
Thyroxine Sodium  ,,,,,,,,,,,,,,
Thyroxine Sodium  ,,,,,,,,,,,,,,
Thyroxine Sodium  ,,,,,,,,,,,,,,
Thyroxine Sodium  ,,,,,,,,,,,,,,
Thyroxine Sodium  ,,,,,,,,,,,,,,
Thyroxine Sodium  ,,,,,,,,,,,,,,
Thyroxine Sodium  ,,,,,,,,,,,,,,
Thyroxine Sodium  ,,,,,,,,,,,,,,
Thyroxine Sodium  ,,,,,,,,,,,,,,
Thyroxine Sodium  ,,,,,,,,,,,,,,
Carbimazole   ,,,,,,,,,,,,,,
Carbimazole   ,,,,,,,,,,,,,,
Carbimazole   ,,,,,,,,,,,,,,
Carbimazole   ,,,,,,,,,,,,,,
Carbimazole   ,,,,,,,,,,,,,,
Carbimazole   ,,,,,,,,,,,,,,
Carbimazole   ,,,,,,,,,,,,,,
Carbimazole   ,,,,,,,,,,,,,,
Carbimazole   ,,,,,,,,,,,,,,
Carbimazole   ,,,,,,,,,,,,,,
Thyroxine Sodium  ,,,,,,,,,,,,,,
Thyroxine Sodium  ,,,,,,,,,,,,,,
Thyroxine Sodium  ,,,,,,,,,,,,,,
Thyroxine Sodium  ,,,,,,,,,,,,,,
Thyroxine Sodium  ,,,,,,,,,,,,,,
Carbimazole   ,,,,,,,,,,,,,,
Carbimazole   ,,,,,,,,,,,,,,
Carbimazole   ,,,,,,,,,,,,,,
Carbimazole   ,,,,,,,,,,,,,,
Carbimazole   ,,,,,,,,,,,,,,
Methimazole   ,,,,,,,,,,,,,,
Methimazole   ,,,,,,,,,,,,,,
Methimazole   ,,,,,,,,,,,,,,
Methimazole   ,,,,,,,,,,,,,,
Methimazole   ,,,,,,,,,,,,,,
Thyroxine Sodium  ,,,,,,,,,,,,,,
Thyroxine Sodium  ,,,,,,,,,,,,,,
Thyroxine Sodium  ,,,,,,,,,,,,,,
Thyroxine Sodium  ,,,,,,,,,,,,,,
Thyroxine Sodium  ,,,,,,,,,,,,,,
Thyroxine Sodium  ,,,,,,,,,,,,,,
Thyroxine Sodium  ,,,,,,,,,,,,,,
Thyroxine Sodium  ,,,,,,,,,,,,,,
Thyroxine Sodium  ,,,,,,,,,,,,,,
Thyroxine Sodium  ,,,,,,,,,,,,,,
Inosine Pranobex  ,,,,,,,,,,,,,,
Inosine Pranobex  ,,,,,,,,,,,,,,
Inosine Pranobex  ,,,,,,,,,,,,,,
Inosine Pranobex  ,,,,,,,,,,,,,,
Inosine Pranobex  ,,,,,,,,,,,,,,
Oseltamivir Phosphate  ,,,,,,,,,,,,,,
Oseltamivir Phosphate  ,,,,,,,,,,,,,,
Oseltamivir Phosphate  ,,,,,,,,,,,,,,
Acyclovir   ,,,,,,,,,,,,,,
Acyclovir   ,,,,,,,,,,,,,,
Acyclovir   ,,,,,,,,,,,,,,
Acyclovir   ,,,,,,,,,,,,,,
Acyclovir   ,,,,,,,,,,,,,,
Valacyclovir   ,,,,,,,,,,,,,,
Valacyclovir   ,,,,,,,,,,,,,,
Valacyclovir   ,,,,,,,,,,,,,,
Valacyclovir   ,,,,,,,,,,,,,,
Valacyclovir   ,,,,,,,,,,,,,,
Aciclovir   ,,,,,,,,,,,,,,
Aciclovir   ,,,,,,,,,,,,,,
Aciclovir   ,,,,,,,,,,,,,,
Aciclovir   ,,,,,,,,,,,,,,
Aciclovir   ,,,,,,,,,,,,,,
Aciclovir   ,,,,,,,,,,,,,,
Aciclovir   ,,,,,,,,,,,,,,
Aciclovir   ,,,,,,,,,,,,,,
Aciclovir   ,,,,,,,,,,,,,,
Aciclovir   ,,,,,,,,,,,,,,
Oseltamivir   ,,,,,,,,,,,,,,
Oseltamivir   ,,,,,,,,,,,,,,
Oseltamivir   ,,,,,,,,,,,,,,
Oseltamivir   ,,,,,,,,,,,,,,
Oseltamivir   ,,,,,,,,,,,,,,
Aciclovir   ,,,,,,,,,,,,,,
Aciclovir   ,,,,,,,,,,,,,,
Aciclovir   ,,,,,,,,,,,,,,
Aciclovir   ,,,,,,,,,,,,,,
Aciclovir   ,,,,,,,,,,,,,,
Valacyclovir   ,,,,,,,,,,,,,,
Valacyclovir   ,,,,,,,,,,,,,,
Valacyclovir   ,,,,,,,,,,,,,,
Dabigatran Etexilate Mesilate  ,,,,,,,,,,,,,,
Dabigatran Etexilate Mesilate  ,,,,,,,,,,,,,,
Dabigatran Etexilate Mesilate  ,,,,,,,,,,,,,,
Dabigatran Etexilate Mesilate  ,,,,,,,,,,,,,,
Dabigatran Etexilate Mesilate  ,,,,,,,,,,,,,,
Dabigatran Etexilate Mesilate  ,,,,,,,,,,,,,,
Dabigatran Etexilate Mesilate  ,,,,,,,,,,,,,,
Dabigatran Etexilate Mesilate  ,,,,,,,,,,,,,,
Dabigatran Etexilate Mesilate  ,,,,,,,,,,,,,,
Dabigatran Etexilate Mesilate  ,,,,,,,,,,,,,,
Protamine Sulphate  ,,,,,,,,,,,,,,
Protamine Sulphate  ,,,,,,,,,,,,,,
Protamine Sulphate  ,,,,,,,,,,,,,,
Protamine Sulphate  ,,,,,,,,,,,,,,
Protamine Sulphate  ,,,,,,,,,,,,,,
Heparin Sodium Benzyl Nicotinate Ointment ,,,,,,,,,,,,,,
Heparin Sodium Benzyl Nicotinate Ointment ,,,,,,,,,,,,,,
Heparin Sodium Benzyl Nicotinate Ointment ,,,,,,,,,,,,,,
Heparin Sodium Benzyl Nicotinate Ointment ,,,,,,,,,,,,,,
Heparin Sodium Benzyl Nicotinate Ointment ,,,,,,,,,,,,,,
Heparin Sodium  ,,,,,,,,,,,,,,
Heparin Sodium  ,,,,,,,,,,,,,,
Heparin Sodium  ,,,,,,,,,,,,,,
Heparin Sodium  ,,,,,,,,,,,,,,
Heparin Sodium  ,,,,,,,,,,,,,,
Heparin Sodium  ,,,,,,,,,,,,,,
Heparin Sodium  ,,,,,,,,,,,,,,
Heparin Sodium  ,,,,,,,,,,,,,,
Heparin Sodium  ,,,,,,,,,,,,,,
Heparin Sodium  ,,,,,,,,,,,,,,
Apixaban   ,,,,,,,,,,,,,,
Apixaban   ,,,,,,,,,,,,,,
Apixaban   ,,,,,,,,,,,,,,
Apixaban   ,,,,,,,,,,,,,,
Apixaban   ,,,,,,,,,,,,,,
Apixaban   ,,,,,,,,,,,,,,
Apixaban   ,,,,,,,,,,,,,,
Apixaban   ,,,,,,,,,,,,,,
Apixaban   ,,,,,,,,,,,,,,
Apixaban   ,,,,,,,,,,,,,,
Dabigatran Etexilate Mesilate  ,,,,,,,,,,,,,,
Dabigatran Etexilate Mesilate  ,,,,,,,,,,,,,,
Dabigatran Etexilate Mesilate  ,,,,,,,,,,,,,,
Dabigatran Etexilate Mesilate  ,,,,,,,,,,,,,,
Dabigatran Etexilate Mesilate  ,,,,,,,,,,,,,,
Rivaroxaban   ,,,,,,,,,,,,,,
Rivaroxaban   ,,,,,,,,,,,,,,
Rivaroxaban   ,,,,,,,,,,,,,,
Rivaroxaban   ,,,,,,,,,,,,,,
Rivaroxaban   ,,,,,,,,,,,,,,
Rivaroxaban   ,,,,,,,,,,,,,,
Rivaroxaban   ,,,,,,,,,,,,,,
Rivaroxaban   ,,,,,,,,,,,,,,
Rivaroxaban   ,,,,,,,,,,,,,,
Rivaroxaban   ,,,,,,,,,,,,,,
Leucovorin Calcium  ,,,,,,,,,,,,,,
Leucovorin Calcium  ,,,,,,,,,,,,,,
Leucovorin Calcium  ,,,,,,,,,,,,,,
Leucovorin Calcium  ,,,,,,,,,,,,,,
Leucovorin Calcium  ,,,,,,,,,,,,,,
